Size,PriceTotal,Deposit,OnlineSince,Adress,AmountofIcons,AmountofIconsNeeded,Titel_length,analysis_det,analysis_desr,analysis_desl,analysis_deso
12,670,0,1.0,3,3,0,38,0.4588,0.0,0.8625,0.0772
20,350,600,1.0,4,12,0,48,0.0,0.0,-0.902,-0.5994
11,790,2200,1.0,3,8,4,42,0.0,0.8122,0.34,0.0
14,970,2673,1.0,3,7,3,46,0.0,-0.9097,0.0,0.0
14,800,2145,1.0,3,12,5,52,0.0,-0.5255,0.0,0.0
23,1050,1900,1.0,3,12,5,69,0.0,-0.9718,0.0,0.0
12,599,1000,1.0,2,10,0,12,0.0,0.2023,0.0,0.0
16,930,2550,1.0,4,6,3,60,0.0,0.1027,0.34,0.0
10,790,2250,1.0,2,4,3,35,0.0,0.8201,0.0,0.0
17,1100,1900,1.0,3,11,0,104,0.4588,-0.9816,-0.8316,0.0
10,690,2070,1.0,2,6,3,17,0.0,-0.0516,-0.3506,0.0
31,855,1480,1.0,3,11,2,37,0.0,0.0,-0.918,-0.5994
10,755,1400,1.0,3,11,2,39,0.0,-0.9246,-0.918,0.0
11,845,2000,1.0,2,11,0,88,0.0,-0.9755,-0.9788,0.9962
14,785,2100,1.0,2,11,3,54,0.0,-0.5255,0.0,0.0
34,1150,1500,1.0,2,12,6,75,0.0,-0.9623,0.0,0.0
10,749,1498,1.0,3,12,5,39,0.0,0.1779,0.0,0.0
22,650,650,1.0,80000,13,5,65,0.0,-0.8316,0.0,0.0
19,815,2190,1.0,3,10,3,52,0.0,-0.5994,0.0,0.0
15,770,1800,1.0,2,9,0,63,0.0,-0.7458,-0.7494,0.0
10,900,0,24.0,3,4,0,78,0.0,-0.9823,0.0,0.0
0,1160,1000,168.0,4,4,0,67,0.0,0.0,0.0,-0.9783
108,1112,1668,168.0,2,3,0,27,0.0,-0.636,0.0,-0.9545
15,990,0,24.0,2,4,0,95,0.0,-0.9661,0.0,0.0
80,1220,1830,168.0,2,3,0,27,0.0,-0.9184,0.0,-0.9545
15,770,1800,1.0,2,9,0,63,0.0,-0.7458,-0.7494,0.0
22,680,1300,1.0,3,5,5,55,0.0,0.0,-0.4389,-0.5994
15,750,1800,1.0,4,12,3,108,0.0,-0.9485,0.0,0.0
11,550,1500,1.0,82008,10,5,46,0.0,-0.8316,-0.5994,0.0
15,750,1500,1.0,3,8,3,28,0.0,-0.7405,0.0,0.0
14,925,1500,1.0,2,9,5,58,0.0,0.9595,0.0,0.636
12,860,2200,1.0,3,8,2,59,0.0,0.9634,0.6988,-0.7037
37,1150,1500,1.0,3,10,0,50,0.0,-0.7184,0.0,0.0
11,715,1890,1.0,3,11,3,52,0.0,-0.5994,0.0,0.0
15,795,2250,1.0,2,8,6,72,0.0,-0.9334,0.0,0.0
11,650,800,1.0,2,6,2,37,0.0,-0.5423,0.0,0.0
18,750,1800,1.0,82049,11,2,73,0.0,-0.128,0.0,-0.5994
12,725,1920,1.0,2,11,5,52,0.0,-0.5255,0.0,0.0
12,675,1770,1.0,1,10,7,52,0.0,-0.5255,0.0,0.0
17,950,950,1.0,3,11,3,44,0.0,-0.4588,0.93,-0.3987
15,737,0,1.0,4,8,0,38,0.0,-0.5994,0.0,0.0
24,740,1650,1.0,2,8,4,31,0.0,-0.8439,0.0,0.0
87,1020,1530,168.0,4,3,0,27,0.0,-0.8439,0.0,-0.9545
10,900,0,24.0,3,4,0,78,0.0,-0.9823,0.0,0.0
0,1375,1000,168.0,4,4,0,67,0.0,0.0,0.0,-0.9783
13,960,0,1.0,3,4,0,63,0.0,-0.9823,0.0,0.0
124,1195,1792,168.0,2,3,0,27,0.0,-0.636,0.0,-0.9545
42,1290,2200,1.0,3,12,7,102,0.0,-0.8429,-0.5994,-0.9643
34,1200,2500,1.0,3,12,9,161,0.0,-0.795,-0.5994,-0.9643
16,640,0,1.0,3,7,4,38,0.0,-0.5994,-0.8316,0.0
15,760,1500,1.0,3,10,0,101,0.4588,0.6808,0.0,0.0
15,750,1500,1.0,3,9,0,202,0.4588,-0.1362,0.0,0.0
12,760,1500,1.0,2,9,0,141,0.4588,-0.8402,0.0,0.0
24,650,1000,1.0,2,9,0,26,0.0,-0.8126,0.0,0.0
19,925,1900,1.0,3,11,7,143,0.0,-0.8257,0.128,-0.8316
17,795,2130,1.0,3,9,3,59,0.4588,-0.2263,0.0,0.0
12,780,2100,1.0,2,11,0,76,0.0,0.8454,0.4754,0.6246
19,940,1700,1.0,3,11,6,107,0.0,-0.8126,-0.5994,-0.5994
19,750,1995,1.0,1,10,5,51,0.0,-0.5255,0.0,0.0
10,650,1000,1.0,3,9,0,143,0.4588,0.9086,0.0,0.0
16,780,1500,1.0,3,9,0,164,0.4588,0.9086,0.0,0.0
12,530,730,1.0,3,8,0,59,0.0,0.0,0.0,0.0
17,950,1800,1.0,3,12,3,38,0.0,0.0,0.0,0.0
7,490,100,1.0,2,10,0,48,0.4588,-0.9184,0.4588,0.0
15,620,900,1.0,3,11,5,28,0.0,-0.9451,0.0,0.0
12,793,1200,1.0,3,8,3,50,0.0,-0.9274,0.7184,-0.9136
18,680,1500,1.0,80241,7,2,48,0.0,0.0,0.0,0.0
105,1025,1537,168.0,2,3,0,27,0.0,0.0,0.0,-0.9545
95,895,1342,168.0,2,3,0,27,0.0,0.0,0.0,-0.9545
12,1080,0,192.0,2,4,0,89,0.0,-0.9823,0.0,0.0
130,917,1375,168.0,2,3,0,27,0.0,0.0,0.0,-0.9545
14,1050,0,1.0,2,4,0,55,0.0,-0.9761,0.0,0.0
140,1347,1000,168.0,4,4,0,50,0.0,0.0,0.0,-0.9783
18,800,1200,1.0,3,9,2,103,0.0,-0.855,0.0,0.0
13,680,1200,1.0,2,9,3,48,0.0,0.9399,0.9974,0.8376
28,790,2000,1.0,4,10,2,45,0.0,-0.8395,0.0,0.0
20,820,1200,1.0,2,9,3,81,0.0,-0.923,-0.6705,-0.5994
14,715,1890,1.0,1,10,7,52,0.0,-0.5255,0.0,0.0
10,798,1590,1.0,3,11,3,56,0.0,-0.8271,0.0,0.0
10,900,1500,1.0,2,10,5,69,0.0,-0.8126,-0.5994,0.0
12,599,1200,1.0,2,11,3,95,0.0,-0.9948,0.0,0.0
13,775,2070,1.0,2,12,5,33,0.0,-0.9041,-0.855,0.0
20,940,1500,1.0,2,10,0,66,0.0,-0.923,-0.6705,-0.5994
14,720,1440,1.0,3,7,3,31,0.4588,-0.5994,-0.5994,-0.5994
17,690,1500,1.0,3,8,0,27,0.0,-0.8658,-0.2263,-0.8316
16,765,2040,1.0,2,10,5,52,0.0,-0.5255,0.0,0.0
11,765,1300,1.0,2,10,0,57,0.0,-0.9186,-0.1531,-0.5994
10,600,500,1.0,4,5,7,17,0.0,0.0,0.0,0.0
16,770,1450,1.0,2,12,4,63,0.0,-0.5423,0.0,0.0
18,780,780,1.0,11111,1,3,36,0.0,0.8126,0.0,0.0
16,700,0,1.0,82067,10,0,44,0.0,-0.8316,0.0,0.0
11,320,1000,1.0,3,8,0,73,0.0,-0.5374,-0.5994,0.0
178,1170,1000,168.0,2,4,0,50,0.0,0.0,0.0,-0.9783
13,930,0,24.0,3,4,0,63,0.0,-0.9823,0.0,0.0
108,1254,1000,168.0,2,3,0,50,0.0,0.0,0.0,-0.9783
13,900,0,192.0,2,4,0,70,0.0,-0.9761,0.0,0.0
87,1020,1530,168.0,4,3,0,27,0.0,-0.8439,0.0,-0.9545
101,1095,1642,168.0,2,3,0,27,0.0,-0.5994,0.0,-0.9545
16,910,1000,1.0,3,12,0,123,0.0,-0.8092,-0.5994,0.0
18,765,2040,1.0,3,12,5,52,0.0,-0.5255,0.0,0.0
16,750,1500,1.0,2,9,6,46,0.0,0.3612,0.5994,0.2023
15,850,0,1.0,3,1,0,69,0.0,-0.8977,0.5859,-0.7263
11,795,1500,1.0,2,11,6,51,0.0,-0.9661,0.5267,-0.8439
10,735,1950,1.0,3,10,3,84,0.4588,-0.9309,0.0,0.0
12,375,945,1.0,4,8,0,97,0.0,0.471,-0.9808,-0.9769
11,755,2070,1.0,2,11,7,77,0.0,-0.872,0.9228,0.947
10,750,1350,1.0,2,9,5,56,0.0,-0.5994,-0.8316,0.0
16,820,1640,1.0,2,9,0,63,0.0,0.9844,0.8541,0.7639
10,710,1875,1.0,1,12,5,52,0.0,-0.5255,0.0,0.0
17,655,515,1.0,2,1,0,41,0.0,-0.886,0.0,0.0
17,1000,3000,1.0,4,11,0,12,0.0,-0.9782,-0.296,0.0
11,750,1500,1.0,2,9,5,24,0.0,-0.9819,-0.8439,0.0
30,1200,2700,1.0,4,8,5,22,0.0,0.9749,0.0,0.0
10,800,1600,1.0,2,12,5,83,0.0,-0.9821,0.0,-0.5994
12,920,1840,1.0,4,9,4,51,0.4588,-0.9661,-0.5994,0.0
12,700,1000,1.0,4,13,2,34,0.0,-0.9062,0.0,0.0
18,835,1370,1.0,2,8,6,92,0.0,0.3612,0.0,0.0
14,750,1500,1.0,3,9,0,178,0.4588,0.9142,0.0,0.0
9,1140,0,192.0,2,4,0,76,0.0,-0.9661,0.0,0.0
177,1020,1530,168.0,3,3,0,27,0.0,0.0,0.0,-0.9545
68,1026,1539,168.0,4,3,0,27,0.0,0.0,0.0,-0.9545
177,1010,1515,168.0,3,3,0,27,0.0,0.0,0.0,-0.9545
130,917,1375,168.0,2,3,0,27,0.0,0.0,0.0,-0.9545
15,1050,0,24.0,2,4,0,55,0.0,-0.9761,0.0,0.0
13,750,1500,1.0,3,9,0,113,0.4588,0.1823,0.0,0.0
12,750,1500,1.0,3,9,0,180,0.4588,0.5733,0.0,0.0
12,920,1840,1.0,4,10,4,49,0.4588,0.8965,0.7587,0.0
10,715,1890,1.0,1,12,5,52,0.0,-0.5255,0.0,0.0
16,665,0,1.0,4,7,3,66,0.0,-0.9674,0.0,0.0
20,330,400,1.0,4,8,2,46,0.0,-0.875,-0.5994,-0.8439
21,330,1000,1.0,4,11,3,37,0.0,-0.5267,-0.9778,-0.8439
24,1000,0,1.0,4,12,0,73,0.0,-0.8591,-0.5994,0.0
15,750,500,1.0,4,2,2,35,0.0,0.6901,0.8588,0.743
18,650,1000,1.0,2,7,5,55,0.0,-0.9186,0.3382,-0.8316
15,725,1500,1.0,4,11,0,24,0.0,0.0,0.5574,0.0
18,950,1900,1.0,4,10,0,56,0.0,-0.9037,-0.9829,-0.9619
12,800,1500,1.0,3,8,5,26,0.0,0.7579,0.6369,-0.2023
17,890,890,1.0,81548,10,3,64,0.0,-0.9866,0.0,0.555
17,690,690,1.0,2,8,4,37,0.0,-0.8481,0.5574,0.0
10,720,1905,1.0,2,12,5,52,0.0,-0.5255,0.0,0.0
20,565,1500,1.0,2,9,0,72,0.0,-0.9184,-0.5994,-0.5994
11,1080,0,192.0,2,4,0,71,0.0,-0.9661,0.0,0.0
124,1195,1792,168.0,2,3,0,27,0.0,-0.636,0.0,-0.9545
67,975,1462,168.0,2,3,0,27,0.0,0.0,0.0,-0.9545
103,1160,1000,168.0,4,4,0,67,0.0,0.0,0.0,-0.9783
12,1080,0,192.0,2,4,0,89,0.0,-0.9823,0.0,0.0
124,1231,1846,168.0,2,3,0,27,0.0,-0.636,0.0,-0.9545
21,600,1200,1.0,4,6,0,31,0.0,0.0,0.0,0.4588
30,770,700,1.0,2,7,2,28,0.4588,0.9378,0.0,0.0
14,630,1890,1.0,1,10,0,68,0.0,0.0,0.0,0.0
20,565,0,1.0,2,7,3,41,0.0,-0.8316,0.2732,0.6486
15,600,1000,1.0,4,1,3,39,0.0,-0.9467,0.0,0.0
16,640,50,1.0,82024,10,0,37,0.0,-0.8316,-0.8602,0.0
21,930,1980,1.0,3,10,6,169,0.0,-0.9474,-0.9661,-0.9508
16,711,1397,1.0,2,10,2,24,0.0,-0.9062,0.0,0.5093
12,395,300,1.0,2,2,3,26,0.0,0.8074,0.0,0.0
20,935,1650,1.0,3,12,2,67,0.0,-0.5994,0.6166,0.0
24,850,1700,1.0,2,10,0,52,0.0,0.5994,0.0,0.0
18,950,2000,1.0,3,5,0,56,0.0,0.5922,0.0,0.0
14,800,1600,1.0,4,3,2,61,0.4588,0.3182,0.0,0.0
16,970,1940,1.0,4,4,2,47,0.0,-0.25,0.0,-0.8481
16,640,1920,1.0,1,10,0,64,0.0,-0.5423,0.0,0.0
16,790,2000,1.0,2,11,3,67,0.0,-0.9935,0.0,-0.5994
15,450,890,1.0,1,1,3,38,0.0,-0.9633,-0.636,0.0
13,600,1755,1.0,2,4,3,52,0.0,-0.8622,0.0,-0.3612
0,1245,1867,168.0,2,3,0,27,0.0,-0.9184,0.0,-0.9545
21,1110,0,24.0,3,4,0,63,0.0,-0.9761,0.0,0.0
83,1045,1567,168.0,2,3,0,27,0.0,0.0,0.0,-0.9545
12,870,0,1.0,4,4,0,77,0.0,-0.9823,0.0,0.0
0,1270,1000,168.0,4,4,0,67,0.0,0.0,0.0,-0.9783
89,1088,1632,168.0,2,3,0,27,0.0,-0.9184,0.0,-0.9545
12,600,1755,1.0,2,8,2,41,0.4588,-0.5994,0.0,-0.3612
35,790,1580,1.0,82347,12,5,93,0.0,-0.9814,0.5859,-0.6688
17,610,1270,1.0,4,6,0,38,0.0,-0.8316,-0.5994,0.0
14,600,1755,1.0,82061,7,0,36,0.0,0.0,0.0,-0.3612
12,600,1755,1.0,2,7,0,42,0.0,-0.9184,0.0,-0.3612
15,900,900,1.0,2,11,0,39,0.0,-0.5994,-0.5994,0.0
10,785,2000,1.0,2,12,0,159,0.0,-0.9779,-0.5826,0.9901
13,750,400,1.0,3,8,0,38,0.0,-0.9312,0.0,0.0
17,578,632,1.0,2,6,3,71,0.0,-0.9451,-0.9136,0.0
14,350,1050,1.0,2,9,0,76,0.0,-0.9618,-0.5994,-0.9184
12,850,1500,1.0,4,9,4,53,0.0,-0.9779,-0.5994,-0.9508
12,875,1500,1.0,2,10,5,69,0.0,-0.8126,-0.5994,0.0
13,935,1500,1.0,4,11,4,20,0.4588,-0.9739,-0.5994,-0.855
12,850,1500,1.0,3,11,4,40,0.4588,-0.9841,-0.5994,-0.9184
14,825,1500,1.0,4,10,6,46,0.4588,-0.9841,-0.5994,-0.8439
18,650,1000,1.0,2,3,3,42,0.4588,0.7717,0.0,0.0
22,800,1600,1.0,2,10,4,51,0.0,-0.8126,0.0,0.0
16,650,200,1.0,2,12,3,28,0.0,0.0,0.0,0.0
22,800,2400,1.0,3,11,2,60,0.0,-0.1119,-0.3182,0.0
11,1080,0,192.0,2,4,0,71,0.0,-0.9661,0.0,0.0
16,1050,0,24.0,3,4,0,63,0.0,-0.9823,0.0,0.0
105,1095,1642,168.0,2,3,0,27,0.0,-0.5994,0.0,-0.9545
89,1050,1575,168.0,2,3,0,27,0.0,-0.9184,0.0,-0.9545
144,1320,1980,168.0,2,3,0,27,0.0,-0.5994,0.0,-0.9545
0,1285,1927,168.0,2,3,0,27,0.0,-0.9184,0.0,-0.9545
22,840,2000,1.0,4,10,3,41,0.0,-0.7357,0.25,0.5093
22,880,2340,1.0,2,12,3,67,0.0,0.4003,0.0,0.0
12,825,1500,1.0,3,10,4,55,0.4588,-0.9795,-0.5994,-0.9184
15,480,760,1.0,85646,9,0,41,0.0,-0.5994,0.5267,-0.5994
40,989,1000,1.0,2,12,0,39,0.4588,-0.9451,-0.5994,0.0
10,900,1500,1.0,2,9,6,86,0.0,-0.8316,-0.5994,0.0
10,825,1500,1.0,2,10,5,81,0.0,-0.5994,-0.5994,0.0
10,800,1500,1.0,4,10,5,73,0.0,-0.5994,-0.8316,0.0
13,700,300,1.0,3,10,0,67,0.0,-0.9451,0.0,0.0
17,1000,2000,1.0,3,8,3,42,0.0,-0.1779,-0.636,-0.8316
20,307,400,1.0,4,9,0,34,0.0,-0.8715,-0.9661,-0.5994
13,925,1500,1.0,2,12,5,130,0.0,-0.9039,-0.9619,0.0
35,749,0,1.0,4,6,0,52,0.0,0.9431,0.0,0.0
35,749,0,1.0,4,6,3,52,0.0,0.9431,0.0,0.0
13,650,1300,1.0,4,11,3,59,0.0,0.0,0.0,0.0
18,400,0,1.0,4,7,2,84,0.0,0.0,-0.8316,0.4588
15,630,1260,1.0,4,13,0,54,0.4588,-0.9623,0.9844,-0.2525
124,1231,1846,168.0,2,3,0,27,0.0,-0.636,0.0,-0.9545
17,930,0,24.0,3,4,0,59,0.0,-0.9761,0.0,0.0
83,965,1447,168.0,2,3,0,27,0.0,0.0,0.0,-0.9545
22,1170,0,24.0,2,4,0,68,0.0,-0.9769,0.0,0.0
18,1035,1552,1.0,4,2,0,38,0.0,0.1697,0.0,0.3094
22,950,1980,1.0,2,2,0,27,0.0,0.1697,0.0,0.3094
20,970,1455,1.0,4,2,0,38,0.0,0.1697,0.0,0.3094
17,900,1980,1.0,2,2,0,27,0.0,0.1697,0.0,0.3094
15,850,1700,1.0,4,2,0,24,0.0,0.1697,0.0,0.3094
12,800,1760,1.0,2,2,0,27,0.0,0.1697,0.0,0.3094
15,795,1580,1.0,3,2,0,23,0.0,0.1697,0.0,0.3094
14,790,1580,1.0,2,2,0,28,0.0,0.1697,0.0,0.3094
13,750,1590,1.0,1,2,0,20,0.0,0.1697,0.0,0.3094
12,699,1590,1.0,3,2,0,23,0.0,0.1697,0.0,0.3094
10,699,1498,1.0,3,2,0,24,0.0,0.1697,0.0,0.3094
19,1020,2000,1.0,4,12,0,110,0.0,0.1739,0.9517,0.8618
17,865,2400,1.0,4,10,6,84,0.4588,-0.9758,0.0,-0.9136
15,804,0,1.0,2,10,5,32,0.0,-0.636,-0.8777,0.0
12,740,300,1.0,1,12,3,11,0.0,0.0,-0.8126,0.0
22,890,1500,1.0,2,11,0,51,0.0,-0.7003,0.5904,0.4588
20,250,500,1.0,4,11,4,82,0.0,-0.9349,-0.636,-0.8439
16,800,1000,1.0,2,8,3,32,0.4588,-0.5994,0.0,0.9524
12,800,1600,1.0,2,12,5,85,0.0,-0.9892,0.0,-0.5994
15,1050,0,24.0,2,4,0,68,0.0,-0.9769,0.0,0.0
83,965,1447,168.0,2,3,0,27,0.0,0.0,0.0,-0.9545
105,1095,1642,168.0,2,3,0,27,0.0,-0.5994,0.0,-0.9545
0,1160,1000,168.0,4,4,0,67,0.0,0.0,0.0,-0.9783
11,840,0,24.0,2,4,0,70,0.0,-0.9761,0.0,0.0
163,1170,1755,168.0,2,3,0,27,0.0,-0.9184,0.0,-0.9545
15,640,1350,1.0,2,10,0,52,0.0,0.9936,0.0,0.0
21,950,1900,1.0,2,12,5,154,0.0,-0.9892,0.0,-0.5994
12,690,1400,1.0,2,9,0,55,0.0,-0.8439,-0.8316,0.75
11,880,2190,1.0,2,11,7,143,0.0,-0.9485,0.0,0.0
18,850,800,1.0,2,12,6,46,0.4588,0.5499,0.9729,0.9296
25,880,1780,1.0,1,11,5,88,0.0,-0.9947,0.0,-0.5994
16,850,1500,1.0,2,11,4,34,0.4588,0.296,0.0,0.6124
25,1050,2880,1.0,2,9,0,26,0.0,-0.88,0.0,0.0
12,695,0,1.0,1,3,2,32,0.0,-0.5994,0.0,0.0
30,1450,4350,1.0,4,10,0,76,0.0,-0.8591,-0.743,-0.9719
8,700,0,1.0,2,4,3,47,0.0,-0.0258,0.0,0.0
13,820,2340,1.0,3,5,3,30,0.0,-0.6705,0.8436,0.7184
20,889,889,1.0,1,10,0,50,0.0,-0.992,0.0,0.0
20,680,1350,1.0,83623,10,0,56,0.0,-0.9887,-0.9726,0.4588
14,897,2463,1.0,4,13,4,90,0.4588,-0.9713,0.0,-0.8316
35,570,0,1.0,12345,9,0,45,0.0,-0.7906,0.0,0.0
27,500,0,1.0,12345,10,0,85,0.0,0.0,0.0,0.0
9,1140,0,192.0,2,4,0,76,0.0,-0.9661,0.0,0.0
177,1010,1515,168.0,3,3,0,27,0.0,0.0,0.0,-0.9545
103,1160,1000,168.0,4,4,0,67,0.0,0.0,0.0,-0.9783
0,1160,1000,168.0,4,4,0,67,0.0,0.0,0.0,-0.9783
92,1064,1596,168.0,2,3,0,27,0.0,-0.5994,0.0,-0.9545
14,960,0,24.0,4,4,0,73,0.0,-0.9828,0.0,0.0
20,870,1000,1.0,3,10,5,55,0.0,0.5267,-0.9136,0.0
14,880,1800,1.0,4,11,0,19,0.0,0.2263,-0.9661,-0.9229
15,890,1400,1.0,2,11,5,19,0.0,-0.5423,0.0,0.0
13,500,500,1.0,3,12,0,19,0.0,-0.8126,0.0,-0.8126
18,550,1100,1.0,85375,9,0,75,0.0,-0.9196,0.0,0.0
12,300,150,1.0,3,10,0,51,0.0,-0.9854,-0.4215,-0.9721
22,890,2000,1.0,1,11,8,62,0.4588,-0.1531,0.0,0.0
14,680,0,1.0,2,1,3,51,0.0,0.4588,0.0,0.0
14,490,490,1.0,2,10,0,69,0.0,-0.978,-0.5423,-0.5994
14,476,500,1.0,3,8,0,53,0.0,-0.7717,-0.8316,0.0
14,780,500,1.0,2,11,2,31,0.0,-0.2263,0.4588,-0.9648
16,650,0,1.0,3,10,0,30,0.0,-0.8126,-0.8316,0.0
11,544,1158,1.0,1,10,3,40,0.0,-0.9186,0.0,-0.765
14,850,2000,1.0,3,4,3,38,0.0,-0.9062,-0.8316,-0.3818
21,730,850,1.0,4,8,3,35,0.0,0.4404,-0.9357,0.0
14,800,300,1.0,3,9,0,25,0.0,-0.5994,0.0,0.0
12,910,1500,1.0,3,12,3,80,0.0,-0.9509,-0.4215,-0.8658
11,544,1158,1.0,1,7,3,41,0.0,-0.9186,0.0,-0.765
14,960,0,168.0,2,4,0,70,0.0,-0.9761,0.0,0.0
68,922,1383,168.0,4,3,0,27,0.0,0.0,0.0,-0.9545
89,1041,1561,168.0,2,3,0,27,0.0,-0.9184,0.0,-0.9545
92,1120,1680,168.0,2,3,0,27,0.0,-0.5994,0.0,-0.9545
80,1200,1800,168.0,2,3,0,27,0.0,-0.9184,0.0,-0.9545
16,1200,0,168.0,2,4,0,71,0.0,-0.9661,0.0,0.0
15,480,480,1.0,83527,12,2,45,0.0,-0.959,-0.9382,0.0
15,700,2163,1.0,2,11,3,42,0.0,-0.9595,-0.5994,-0.6688
22,835,0,1.0,4,6,3,90,0.0,0.34,-0.7263,0.0
20,310,500,1.0,4,7,0,32,0.0,-0.9854,-0.8316,-0.9661
15,700,700,1.0,3,10,2,82,0.4588,-0.2263,0.0,0.9158
11,770,1788,1.0,4,9,2,29,0.4588,0.7964,0.5499,0.9107
25,990,0,1.0,4,13,2,91,0.4588,0.9936,0.0,0.0
14,820,1890,1.0,82152,11,2,51,0.0,0.0,0.0,-0.9643
22,350,1000,1.0,4,11,4,34,0.0,-0.9509,-0.9136,-0.7044
11,750,1950,1.0,3,11,6,48,0.0,-0.9153,0.0,0.0
13,670,1500,1.0,1,12,3,45,0.0,-0.5994,-0.2263,-0.5994
20,1300,2700,1.0,4,1,7,41,0.0,0.0,0.0,-0.8316
10,770,2100,1.0,2,11,7,50,0.4588,-0.6249,0.9228,0.9444
17,150,0,1.0,3,2,3,42,0.0,0.4588,0.0,0.0
22,1190,1050,1.0,5,7,4,62,0.0,-0.5994,-0.9485,-0.8316
15,650,1500,1.0,2,11,0,52,0.4588,-0.5994,-0.5423,-0.5994
18,920,0,1.0,4,2,3,32,0.0,-0.9246,0.8268,0.0
15,740,1900,1.0,2,9,3,79,0.0,-0.9348,-0.9817,0.0
20,1190,1050,1.0,5,7,4,62,0.0,-0.5994,-0.9485,-0.8316
20,700,1200,1.0,4,5,4,24,0.0,-0.8126,-0.2263,0.4588
106,1220,1830,168.0,2,3,0,27,0.0,-0.5994,0.0,-0.9545
163,1169,1753,168.0,2,3,0,27,0.0,-0.9184,0.0,-0.9545
13,930,0,24.0,3,4,0,63,0.0,-0.9823,0.0,0.0
13,900,0,192.0,2,4,0,70,0.0,-0.9761,0.0,0.0
75,1150,1725,168.0,2,3,0,27,0.0,-0.5994,0.0,-0.9545
40,800,0,1.0,83646,13,3,222,0.0,-0.89,-0.7319,0.0
17,790,0,1.0,4,11,0,23,0.0,-0.8519,-0.2263,0.4588
11,750,1300,1.0,1,8,0,41,0.4588,-0.9769,-0.2263,0.0
12,610,1500,1.0,3,2,3,30,0.0,-0.4404,0.9577,0.0
22,880,1500,1.0,2,8,0,55,0.4588,-0.9184,-0.2263,0.0
16,929,2418,1.0,3,10,0,63,0.0,-0.9978,0.0,0.0
20,750,1400,1.0,2,8,2,65,0.4588,-0.8316,0.5994,-0.3818
14,275,525,1.0,2,9,0,83,0.0,0.0,0.0,0.0
11,790,1580,1.0,2,9,0,25,0.4588,-0.6908,0.0,0.0
12,790,1580,1.0,2,9,0,33,0.4588,-0.6908,0.0,0.0
20,730,700,1.0,4,11,3,62,0.0,-0.8316,0.0,-0.8126
16,750,0,1.0,1,9,2,24,0.0,0.0,0.6114,-0.8126
16,360,550,1.0,4,9,0,30,0.0,-0.9538,-0.9184,0.636
14,230,550,1.0,5,10,0,36,0.0,-0.9652,-0.9184,0.636
16,900,0,1.0,3,7,3,74,0.0,0.9937,0.0,0.0
12,790,990,1.0,2,10,2,44,0.0,-0.9647,0.0,0.0
14,895,1500,1.0,3,8,3,107,0.4588,-0.9396,0.6239,0.7783
8,890,2670,1.0,4,7,3,30,0.0,0.8246,-0.0516,0.0
12,610,1530,1.0,4,8,3,64,0.0,-0.9823,-0.8316,0.0
18,870,0,24.0,2,4,0,70,0.0,-0.9761,0.0,0.0
108,1150,1000,168.0,2,3,0,50,0.0,0.0,0.0,-0.9783
103,1160,1000,168.0,4,4,0,67,0.0,0.0,0.0,-0.9783
87,770,1155,168.0,4,3,0,27,0.0,0.0,0.0,-0.9545
20,870,0,24.0,4,4,0,62,0.0,-0.9761,0.0,0.0
92,1064,1596,168.0,2,3,0,27,0.0,-0.5994,0.0,-0.9545
15,775,2070,1.0,1,11,5,52,0.0,-0.5255,0.0,0.0
10,750,1000,1.0,4,8,5,78,0.0,0.0,0.3382,0.5093
17,710,1400,1.0,3,12,5,35,0.0,-0.9643,0.0,-0.9136
10,710,1875,24.0,2,11,3,52,0.0,-0.5255,0.0,0.0
21,1150,1020,24.0,5,7,4,62,0.0,-0.5994,-0.5994,-0.8316
18,750,1400,24.0,2,12,5,51,0.0,-0.8885,-0.8316,0.0
12,390,1050,24.0,4,4,6,40,0.0,0.0,0.0,0.0
13,745,1980,1.0,2,12,5,52,0.0,-0.5255,0.0,0.0
10,900,1500,24.0,3,10,3,48,0.4588,-0.7506,-0.8885,-0.5994
20,950,1400,24.0,2,10,4,48,0.0,-0.9117,0.0,0.0
15,845,2235,24.0,2,10,3,35,0.0,0.0,-0.9117,0.0
15,800,1800,24.0,3,6,7,44,0.0,-0.8126,0.0,0.0
11,690,1200,24.0,1,10,0,55,0.0,0.8591,0.4939,0.0
30,850,2500,24.0,2,11,2,40,0.0,-0.9246,-0.9451,0.0
9,600,500,24.0,85435,8,0,44,0.0,-0.9669,-0.8316,0.0
16,790,1580,24.0,4,8,2,20,0.0,-0.8316,0.0,0.0
12,700,700,24.0,2,13,2,70,0.4588,-0.9657,-0.9136,-0.7003
15,750,900,24.0,2,11,7,51,0.0,-0.9643,0.0,-0.636
16,575,300,24.0,2,3,0,36,0.0,0.0,0.1531,0.0
28,895,1000,24.0,2,11,7,45,0.0,-0.9643,0.0,0.0
0,1245,1867,168.0,2,3,0,27,0.0,-0.9184,0.0,-0.9545
130,917,1375,168.0,2,3,0,27,0.0,0.0,0.0,-0.9545
94,945,1417,168.0,2,3,0,27,0.0,0.0,0.0,-0.9545
14,960,0,24.0,4,4,0,73,0.0,-0.9828,0.0,0.0
144,1320,1980,168.0,2,3,0,27,0.0,-0.5994,0.0,-0.9545
13,1140,0,24.0,4,4,0,71,0.0,-0.9761,0.0,0.0
14,885,1500,24.0,3,13,5,131,0.4588,-0.9396,0.6239,0.7783
12,680,1120,24.0,3,3,4,40,0.0,0.9718,0.9566,0.0
22,700,0,24.0,3,11,0,60,0.0,0.0772,0.0,0.0
17,700,1000,24.0,3,2,3,72,0.0,0.8885,0.9823,0.1779
20,1100,1750,24.0,82057,11,3,53,0.0,-0.9618,0.0,0.0
20,800,1600,24.0,4,10,0,67,0.0,-0.6808,-0.8316,-0.5994
20,800,1600,24.0,4,10,0,40,0.0,-0.6808,-0.8316,-0.5994
20,830,1500,24.0,2,10,7,32,0.0,0.9962,0.9978,0.9873
12,420,0,24.0,2,3,2,19,0.0,0.0,0.0,0.0
19,690,1200,24.0,4,11,0,125,0.0,-0.8439,-0.8885,0.8716
16,700,700,24.0,1,3,3,50,0.0,-0.5994,0.0,0.0
16,700,700,24.0,1,14,3,55,0.0,-0.5994,0.0,0.0
10,680,0,24.0,3,9,0,36,0.0,-0.9761,0.4019,0.0
10,475,1050,24.0,3,11,5,121,0.0,-0.9451,0.3182,0.0
13,750,500,24.0,2,10,6,21,0.4588,0.9168,0.8689,0.0
19,290,550,24.0,3,12,0,38,0.0,-0.636,-0.636,0.0
19,290,550,24.0,3,11,0,19,0.0,-0.7644,0.0,0.0
16,815,1460,1.0,2,11,6,63,0.4588,-0.9661,-0.8672,-0.8979
20,855,1540,1.0,2,11,6,50,0.4588,-0.9661,-0.8672,-0.8979
10,600,1000,24.0,2,9,5,22,0.0,0.0,0.0,0.0
17,930,0,24.0,3,4,0,59,0.0,-0.9761,0.0,0.0
90,1245,1867,168.0,2,3,0,27,0.0,-0.8316,0.0,-0.9545
0,1325,1000,168.0,4,4,0,67,0.0,0.0,0.0,-0.9783
68,1088,1632,168.0,3,3,0,27,0.0,-0.8316,0.0,-0.9545
148,918,1377,168.0,2,3,0,27,0.0,0.0,0.0,-0.9545
25,831,1980,24.0,2,11,6,24,0.0,-0.9823,0.0,-0.5994
10,630,1470,24.0,1,4,4,43,0.0,0.6705,0.0,0.0
10,800,800,24.0,2,9,3,18,0.0,-0.5994,0.0,0.0
15,500,0,24.0,3,13,3,31,0.0,-0.7088,0.0,0.0
12,650,500,24.0,82008,4,5,84,0.0,-0.9476,0.0,0.0
26,750,750,24.0,85540,10,6,77,0.0,-0.9928,0.0,0.0
15,620,1500,24.0,4,8,4,45,0.4588,-0.8316,0.0,0.0
12,715,1300,1.0,2,3,5,26,0.0,0.7215,0.0,0.0
64,850,0,24.0,3,10,2,59,0.0,0.8832,0.0,0.0
13,600,0,24.0,2,6,0,28,0.0,0.0,-0.957,0.0
16,495,1000,24.0,3,8,0,46,0.0,-0.5994,-0.8316,-0.8591
16,750,1000,24.0,4,14,0,39,0.0,-0.9112,0.0,0.0
29,840,2000,24.0,2,10,4,38,0.0,-0.855,0.0,0.0
13,665,1570,24.0,2,6,3,28,0.0,-0.5423,-0.2263,-0.7003
18,655,1250,24.0,4,10,0,41,0.0,-0.8591,-0.5242,-0.2942
13,430,2000,24.0,2,10,4,31,0.0,-0.8439,0.0,0.0
20,850,1500,24.0,3,10,3,29,0.0,0.0,0.0,0.0
15,450,0,24.0,2,4,4,40,0.0,-0.5423,0.0,-0.7568
11,640,0,24.0,0,0,0,53,0.0,-0.9287,0.0,0.0
30,950,950,24.0,2,9,0,52,0.4588,-0.9522,0.0,0.0
16,1050,0,24.0,3,4,0,63,0.0,-0.9823,0.0,0.0
0,1095,1500,168.0,2,3,0,33,0.0,0.0,0.0,0.0
103,1160,1000,168.0,4,4,0,67,0.0,0.0,0.0,-0.9783
145,920,1380,168.0,2,3,0,27,0.0,0.0,0.0,-0.9545
95,896,1344,168.0,2,3,0,27,0.0,0.0,0.0,-0.9545
15,990,0,24.0,2,4,0,95,0.0,-0.9661,0.0,0.0
10,850,0,24.0,2,5,7,66,0.4588,0.3384,-0.1943,0.0
33,790,1200,24.0,2,10,3,92,0.0,-0.9623,-0.9403,0.4588
25,400,800,24.0,2,12,0,16,0.0,-0.5994,0.0,0.0
15,890,1900,24.0,3,12,5,55,0.0,-0.5994,-0.7269,-0.7579
11,450,400,24.0,2,8,3,59,0.0,0.7326,0.7096,0.0
17,550,800,24.0,2,4,3,33,0.0,-0.8316,0.0,0.0
13,810,0,24.0,3,10,5,125,0.0,0.0,0.0,0.0
12,900,1000,24.0,3,11,0,40,0.0,0.91,0.872,0.7579
12,1,0,24.0,4,12,0,43,0.4588,-0.0772,0.6249,-0.3818
18,790,1000,24.0,4,0,0,65,0.0,-0.8126,0.0,0.0
16,650,1300,24.0,2,13,4,34,0.0,0.0,0.0,0.0
13,650,650,24.0,3,11,3,32,0.0,0.9403,0.9367,0.8589
16,940,1500,24.0,4,7,0,29,0.4588,0.9483,-0.8316,-0.7539
40,1890,2000,24.0,3,12,6,75,0.4588,-0.9926,-0.9412,-0.6688
10,530,900,24.0,2,12,0,25,0.0,-0.9674,-0.8934,-0.5994
15,875,2000,24.0,4,9,5,57,0.0,-0.6808,0.0,0.0
14,500,1180,24.0,2,8,0,54,0.0,-0.3818,-0.5994,0.0
14,800,500,24.0,2,8,6,34,0.0,-0.9062,-0.5994,0.2023
108,1220,1830,168.0,2,3,0,27,0.0,-0.636,0.0,-0.9545
0,1270,1000,168.0,4,4,0,67,0.0,0.0,0.0,-0.9783
0,1325,1000,168.0,4,4,0,67,0.0,0.0,0.0,-0.9783
80,1200,1800,168.0,2,3,0,27,0.0,-0.9184,0.0,-0.9545
14,960,0,24.0,4,4,0,73,0.0,-0.9828,0.0,0.0
20,665,1200,24.0,1,11,0,41,0.0,-0.9569,0.0,0.0
20,750,1750,24.0,2,7,0,70,0.0,-0.6652,0.0,0.0
12,850,2000,24.0,4,11,2,28,0.0,0.991,0.0,0.0
11,850,1800,24.0,2,5,8,21,0.0,0.0,0.0,0.0
14,620,500,24.0,2,6,4,39,0.0,-0.7712,0.0,0.0
14,680,1500,24.0,1,10,0,43,0.0,-0.9451,-0.5994,0.0
11,650,1300,24.0,1,11,7,137,0.4588,-0.636,-0.9136,-0.6688
13,800,1700,24.0,4,3,4,33,0.0,-0.9595,0.8578,-0.5994
13,625,1250,24.0,2,7,3,53,0.0,-0.8316,0.0,0.0
20,600,700,24.0,3,9,0,55,0.0,0.9758,0.0,0.0
15,690,1770,24.0,2,6,3,35,0.0,-0.9643,0.0,0.0
14,730,1000,24.0,82067,12,3,54,0.0,0.126,0.0,0.0
14,850,1700,24.0,2,11,0,89,0.0,-0.9485,0.0,0.0
17,830,730,24.0,4,12,3,107,0.0,-0.9747,-0.9382,0.0
18,650,650,24.0,82024,12,0,32,0.0,0.0,-0.5994,0.0
23,1000,0,24.0,3,5,4,21,0.0,0.0,0.0,0.0
15,1200,2500,24.0,4,3,3,22,0.0,0.5719,0.0,0.0
23,1150,0,24.0,4,2,3,46,0.0,-0.5106,0.0,0.1027
10,900,0,192.0,2,4,0,58,0.0,-0.9864,0.0,0.0
68,975,1462,168.0,3,3,0,27,0.0,0.0,0.0,-0.9545
0,1245,1867,168.0,2,3,0,27,0.0,-0.9184,0.0,-0.9545
16,1050,0,24.0,3,4,0,63,0.0,-0.9823,0.0,0.0
0,1160,1000,168.0,4,4,0,67,0.0,0.0,0.0,-0.9783
140,1347,1000,168.0,4,4,0,50,0.0,0.0,0.0,-0.9783
17,850,1500,24.0,3,6,0,48,0.0,-0.9509,0.0,0.0
18,650,650,24.0,2,13,0,93,0.0,-0.9451,0.0,0.0
20,710,1200,24.0,2,3,0,22,0.0,-0.9578,0.0,0.0
14,670,2000,24.0,2,3,3,20,0.0,-0.5994,0.0,0.0
22,990,1980,24.0,4,9,5,53,0.0,-0.636,-0.2942,0.4199
18,900,2000,24.0,4,11,0,74,0.0,-0.9286,0.0,0.0
16,980,0,24.0,2,9,0,50,0.0,-0.8591,-0.5994,-0.836
15,1350,2500,24.0,2,10,3,39,0.0,-0.9485,0.0,0.0
11,875,1500,24.0,2,1,3,19,0.0,0.0,0.0,0.0
15,966,2250,24.0,4,4,2,42,0.0,0.9759,0.0,0.0
12,560,1200,24.0,2,5,3,55,0.0,0.0,0.0,0.0
14,695,1950,24.0,2,6,3,96,0.0,-0.9864,0.0,0.0
16,840,2000,24.0,3,3,4,43,0.0,0.0,0.0,-0.5994
15,800,400,24.0,2,10,0,20,0.0,0.0,-0.5994,-0.5994
17,867,1494,24.0,4,12,2,61,0.4588,-0.9485,0.7479,-0.886
12,650,1300,24.0,4,7,6,239,0.0,-0.636,-0.855,-0.636
18,850,0,24.0,2,7,3,62,0.0,-0.8591,-0.5994,-0.5994
12,485,1250,24.0,4,7,3,25,0.0,-0.9893,0.0,0.0
10,800,200,24.0,3,10,4,28,0.0,-0.9184,-0.636,0.0
80,1200,1800,168.0,2,3,0,27,0.0,-0.9184,0.0,-0.9545
68,1026,1539,168.0,4,3,0,27,0.0,0.0,0.0,-0.9545
12,1020,0,144.0,2,4,0,109,0.0,-0.9823,0.0,0.0
0,1160,1000,168.0,4,4,0,67,0.0,0.0,0.0,-0.9783
106,1220,1830,168.0,2,3,0,27,0.0,-0.5994,0.0,-0.9545
20,990,0,24.0,4,4,0,62,0.0,-0.9761,0.0,0.0
12,560,1200,24.0,4,6,3,54,0.0,-0.9785,0.8172,0.0
25,1000,0,24.0,2,8,3,46,0.0,-0.8126,0.0,0.0
18,900,1500,24.0,4,9,4,32,0.4588,0.9655,0.9972,0.0
10,690,0,24.0,2,9,4,38,0.0,-0.9769,-0.8316,0.0
14,1050,2800,24.0,2,10,3,42,0.0,-0.7263,0.0,-0.9705
11,550,1125,24.0,4,11,0,46,0.0,-0.807,-0.2263,-0.8316
14,600,600,24.0,3,9,3,36,0.0,-0.8658,0.6369,0.0
35,1250,1500,24.0,2,9,3,52,0.0,0.0,-0.765,0.0
14,669,1000,24.0,2,1,0,52,0.0,0.5922,0.1779,0.0
13,650,500,24.0,2,12,3,60,0.0,-0.128,0.0,0.0
18,835,1000,24.0,4,10,5,57,0.0,-0.9136,0.0,-0.5994
8,470,0,24.0,2,5,0,53,0.0,-0.9117,-0.8439,-0.636
15,850,1125,24.0,3,9,4,46,0.0,-0.5848,0.5526,0.0
12,623,1200,24.0,2,10,0,39,0.0,-0.8647,0.0,0.0
14,480,480,24.0,2,11,0,50,0.0,-0.9117,0.0,0.0
12,297,250,24.0,4,4,4,53,0.0,0.0,0.9954,0.6476
16,825,800,24.0,4,12,3,33,0.0,0.0,0.0,0.0
15,780,0,24.0,4,7,0,44,0.0,-0.9136,-0.2263,-0.784
17,503,500,24.0,3,6,0,30,0.0,-0.9538,0.0,0.0
148,918,1377,168.0,2,3,0,27,0.0,0.0,0.0,-0.9545
16,1050,0,24.0,3,4,0,63,0.0,-0.9823,0.0,0.0
70,1035,1552,168.0,3,3,0,27,0.0,0.0,0.0,-0.9545
20,870,0,24.0,4,4,0,62,0.0,-0.9761,0.0,0.0
87,1020,1530,168.0,4,3,0,27,0.0,-0.8439,0.0,-0.9545
68,922,1383,168.0,4,3,0,27,0.0,0.0,0.0,-0.9545
25,850,850,24.0,4,1,0,13,0.0,0.4588,0.0,0.0
15,650,1000,24.0,4,12,7,106,0.0,-0.9771,0.0,0.0
10,690,1500,24.0,2,6,5,36,0.0,-0.8316,0.4588,0.4588
9,770,2000,24.0,4,9,5,49,0.0,-0.9912,-0.9643,-0.9485
15,850,2000,24.0,4,11,0,54,0.0,-0.9859,-0.9451,-0.9485
12,620,1240,24.0,2,11,5,49,0.0,-0.34,0.0,0.0
16,770,1540,24.0,4,12,5,97,0.0,-0.7906,0.0,0.0
18,950,2850,24.0,2,9,3,58,0.0,-0.9451,0.0,0.0
18,800,1000,24.0,3,10,0,51,0.4588,0.8126,0.6749,-0.1984
20,850,1000,24.0,3,11,0,77,0.4588,0.9669,0.6948,0.4199
12,440,620,24.0,4,8,3,36,0.0,-0.5215,0.5994,0.7241
14,500,400,24.0,3,5,2,21,0.0,-0.34,0.0,0.0
12,335,900,24.0,4,3,4,84,0.0,-0.9565,0.0,0.0
23,800,1950,24.0,4,7,0,62,0.4588,-0.8591,-0.8126,-0.975
15,766,1350,24.0,2,10,3,45,0.4588,-0.743,0.9683,-0.1027
12,600,1200,24.0,85640,11,3,63,0.0,0.0,0.0,0.0
20,840,1680,24.0,2,12,6,248,0.4588,-0.4284,-0.9636,-0.4678
11,795,2000,24.0,3,8,2,21,0.0,0.946,0.9922,0.4019
15,1050,0,24.0,2,4,0,68,0.0,-0.9769,0.0,0.0
103,1160,1000,168.0,4,4,0,67,0.0,0.0,0.0,-0.9783
92,1064,1596,168.0,2,3,0,27,0.0,-0.5994,0.0,-0.9545
92,1095,1642,168.0,2,3,0,27,0.0,-0.5994,0.0,-0.9545
87,770,1155,168.0,4,3,0,27,0.0,0.0,0.0,-0.9545
13,1020,0,24.0,2,4,0,55,0.0,-0.9761,0.0,0.0
16,940,1800,24.0,1,12,2,82,0.0,0.7003,0.9674,0.9872
14,850,1500,24.0,1,12,2,82,0.0,0.1531,0.9674,0.9872
13,800,0,24.0,2,7,0,51,0.0,-0.2263,0.0,-0.5994
20,860,1000,24.0,4,10,0,132,0.0,-0.9891,-0.2244,-0.6808
14,540,950,24.0,1,12,2,62,0.0,-0.9558,0.0,0.0
14,915,1780,24.0,2,10,0,38,0.4588,-0.5994,0.0,0.0
12,500,500,24.0,4,7,3,28,0.0,-0.6486,0.0,0.0
25,950,300,24.0,2,5,2,57,0.0,0.9246,0.7579,0.0
16,688,0,24.0,2,10,0,92,0.0,-0.6704,0.8834,0.8953
12,250,0,24.0,2,9,3,71,0.0,0.4404,0.8834,0.0
22,950,2235,24.0,4,8,0,33,0.0,-0.9136,-0.8316,-0.9656
16,696,1650,24.0,2,11,5,64,0.0,0.5117,0.3802,0.0
25,1000,0,24.0,4,6,5,40,0.0,0.9513,0.0,0.0
13,520,520,24.0,3,3,3,134,0.0,-0.9656,0.0,0.0
16,756,1650,24.0,4,1,3,64,0.0,-0.636,-0.5813,0.3382
22,795,2460,24.0,1,7,2,63,0.0,0.0,0.0,0.0
15,595,1450,24.0,4,8,0,14,0.0,-0.7339,-0.8924,0.0
38,750,650,24.0,82061,12,3,57,0.0,-0.4779,0.6749,0.5267
18,600,1200,24.0,2,12,4,64,0.0,-0.9594,-0.9078,0.2942
80,1220,1830,168.0,2,3,0,27,0.0,-0.9184,0.0,-0.9545
78,1005,1507,168.0,2,3,0,27,0.0,0.0,0.0,-0.9545
120,955,1432,168.0,2,3,0,27,0.0,0.0,0.0,-0.9545
17,1170,0,24.0,2,4,0,68,0.0,-0.9769,0.0,0.0
22,1170,0,24.0,2,4,0,68,0.0,-0.9769,0.0,0.0
108,1170,1755,168.0,2,3,0,27,0.0,-0.636,0.0,-0.9545
30,350,500,24.0,4,2,5,36,0.4588,0.9184,0.0,0.0
22,740,1060,24.0,2,12,0,54,0.0,-0.9674,0.0,0.0
10,850,1500,24.0,3,3,4,24,0.4588,-0.5994,-0.5994,-0.9508
16,450,0,24.0,4,7,6,61,0.0,0.5267,0.0,0.0
15,720,0,24.0,4,1,3,42,0.0,-0.7891,0.0,0.0
15,700,1370,24.0,4,6,3,25,0.0,0.0,0.0,0.0
18,700,1400,24.0,3,10,3,46,0.0,0.555,-0.6688,0.2263
12,750,1300,24.0,3,8,2,29,0.4588,0.0,0.0,0.0
20,750,1500,24.0,2,12,4,97,0.4588,-0.9874,0.0,0.0
20,950,2000,24.0,3,5,3,24,0.4588,0.8137,0.9712,0.7964
15,800,2100,24.0,3,10,4,54,0.0,-0.8316,0.0,-0.5994
15,480,500,24.0,4,5,2,34,0.0,-0.5994,0.2263,0.776
15,500,0,24.0,4,3,5,36,0.4588,-0.9287,0.0,0.0
16,986,0,24.0,2,8,0,22,0.0,-0.6283,0.0,0.0
8,775,0,24.0,2,7,0,32,0.0,0.5897,0.0,0.0
10,600,600,24.0,2,11,2,67,0.0,-0.5994,-0.9783,-0.636
15,750,1700,24.0,4,6,3,46,0.0,0.4019,0.9938,0.0
21,705,1500,24.0,4,9,0,39,0.0,0.4588,0.0,0.4588
21,480,300,24.0,4,11,0,54,0.0,0.3182,0.0,0.0
89,1050,1575,168.0,2,3,0,27,0.0,-0.9184,0.0,-0.9545
101,1064,1596,168.0,2,3,0,27,0.0,0.0,0.0,-0.9545
16,1050,0,24.0,3,4,0,63,0.0,-0.9823,0.0,0.0
13,1020,0,24.0,2,4,0,55,0.0,-0.9761,0.0,0.0
80,1200,1800,168.0,2,3,0,27,0.0,-0.9184,0.0,-0.9545
124,1231,1846,168.0,2,3,0,27,0.0,-0.636,0.0,-0.9545
12,500,0,24.0,3,12,3,63,0.0,-0.9485,0.0,-0.6597
15,900,500,24.0,3,9,0,71,0.4588,0.9956,0.8473,0.8126
24,750,850,24.0,4,11,7,73,0.0,-0.816,-0.636,-0.296
19,950,1900,24.0,3,5,6,90,0.0,-0.975,-0.9485,0.0
20,700,1200,24.0,3,9,7,15,0.0,0.1779,0.0,0.0
25,714,1155,24.0,4,12,0,73,0.0,-0.8591,-0.9912,-0.9769
8,630,0,24.0,2,10,0,59,0.0,0.0,0.0,0.0
21,550,275,24.0,3,9,3,62,0.0,0.0,-0.9661,-0.9136
20,500,500,24.0,4,11,0,43,0.4588,-0.9451,0.0,0.0
20,850,800,24.0,4,8,2,78,0.0,-0.0772,0.0,0.0
20,660,1300,24.0,2,8,5,36,0.0,-0.8834,-0.5994,-0.7059
20,650,0,24.0,2,1,0,38,0.0,-0.9821,0.0,0.0
10,590,500,24.0,2,12,3,16,0.0,-0.636,0.0,0.0
11,720,1080,24.0,2,10,0,80,0.0,0.784,0.9775,0.0
31,972,999,24.0,3,12,0,66,0.4588,-0.8316,-0.9661,0.0
15,740,1000,24.0,4,4,0,26,0.4588,0.9851,0.0,0.0
12,800,1000,24.0,2,3,0,58,0.0,0.8126,0.0,0.0
20,650,1350,24.0,2,13,0,136,0.0,-0.5423,0.0,0.0
20,850,1700,24.0,4,9,3,24,0.0,-0.8885,0.0,-0.8316
77,1091,1636,168.0,3,3,0,27,0.0,-0.8316,0.0,-0.9545
11,1080,0,24.0,2,4,0,55,0.0,-0.9761,0.0,0.0
0,1160,1000,168.0,4,4,0,67,0.0,0.0,0.0,-0.9783
95,1231,1846,168.0,2,3,0,27,0.0,-0.636,0.0,-0.9545
17,1050,0,24.0,3,4,0,63,0.0,-0.9823,0.0,0.0
0,1150,1000,168.0,4,4,0,67,0.0,0.0,0.0,-0.9783
18,850,1975,24.0,4,2,0,24,0.0,-0.6486,0.902,-0.2263
70,1199,2000,24.0,2,12,8,137,0.4588,-0.9827,-0.5423,-0.7003
16,990,1000,24.0,4,7,3,18,0.0,-0.5848,0.0,0.0
23,580,580,24.0,4,11,0,146,0.0,-0.5994,-0.5994,0.0
24,848,2544,24.0,3,10,3,77,0.0,-0.9136,-0.5994,0.3818
20,1200,2000,24.0,3,12,2,70,0.4588,-0.953,-0.9761,-0.9151
15,650,200,24.0,2,9,0,53,0.0,-0.8588,0.0,0.0
11,650,650,24.0,3,12,3,25,0.0,-0.9623,-0.8316,-0.5994
13,750,1500,24.0,2,11,3,21,0.4588,-0.6597,0.0,-0.4404
20,800,1400,24.0,3,12,9,54,0.0,-0.4753,0.0,0.0
20,700,600,24.0,3,11,8,34,0.0,0.0,0.0,0.0
15,750,2000,24.0,4,12,3,32,0.0,0.0,0.0,-0.8834
15,722,2166,24.0,2,9,3,49,0.0,-0.9595,-0.5994,-0.6688
17,1028,2450,24.0,4,10,7,72,0.0,-0.6597,0.6705,0.0
14,750,0,24.0,3,9,5,20,0.0,-0.9062,0.0,0.0
16,974,2450,24.0,4,10,7,72,0.0,-0.7964,0.6705,0.0
20,620,200,24.0,2,7,3,19,0.0,-0.9538,0.636,0.0
25,600,300,24.0,85614,2,0,20,0.0,0.0,0.0,0.0
16,640,800,24.0,4,7,3,34,0.0,0.7184,-0.636,0.0
12,755,1500,24.0,4,8,8,42,0.0,-0.9643,-0.5994,0.0
20,990,0,24.0,4,4,0,62,0.0,-0.9761,0.0,0.0
0,1095,1500,168.0,2,3,0,33,0.0,0.0,0.0,0.0
124,1195,1792,168.0,2,3,0,27,0.0,-0.636,0.0,-0.9545
77,1095,1642,168.0,3,3,0,27,0.0,-0.8316,0.0,-0.9545
92,1064,1596,168.0,2,3,0,27,0.0,-0.5994,0.0,-0.9545
30,1650,3000,24.0,3,11,5,74,0.0,-0.9766,-0.9633,-0.9136
17,1020,500,24.0,4,10,0,40,0.0,-0.5994,-0.9136,-0.2263
15,550,350,24.0,3,10,4,34,0.0,-0.6808,-0.7269,-0.5994
14,800,1000,24.0,2,3,0,57,0.0,0.807,0.0,0.0
9,845,1500,24.0,4,8,3,56,0.0,0.6449,0.9884,-0.5815
20,950,0,24.0,2,9,4,52,0.0,0.0,0.0,0.0
28,860,0,24.0,4,7,4,41,0.0,-0.7494,-0.5994,0.0
46,830,1500,24.0,82205,9,6,49,0.0,-0.9947,0.0,0.0
18,610,995,24.0,4,8,3,77,0.0,-0.717,-0.9769,0.636
13,630,630,24.0,1,3,2,32,0.0,0.34,0.6369,0.0
22,690,1500,24.0,2,10,3,74,0.0,-0.8591,-0.9309,-0.8614
16,650,1000,24.0,4,10,0,40,0.0,-0.9896,0.0,0.0
14,1050,2000,24.0,2,6,2,83,0.0,-0.8687,-0.5994,-0.4019
10,460,460,24.0,2,12,0,52,0.0,-0.9184,0.0,0.0
15,650,300,24.0,3,13,2,110,0.0,-0.9829,0.0,0.0
20,1200,300,24.0,3,12,5,84,0.0,-0.9771,0.0,0.0
20,680,1500,24.0,2,10,0,57,0.0,0.0,0.0,0.0
39,1350,0,24.0,3,7,5,50,0.0,-0.8126,-0.5994,0.0
0,1325,1000,168.0,4,4,0,67,0.0,0.0,0.0,-0.9783
83,1045,1567,168.0,2,3,0,27,0.0,0.0,0.0,-0.9545
80,1220,1830,168.0,2,3,0,27,0.0,-0.9184,0.0,-0.9545
16,1050,0,24.0,3,4,0,63,0.0,-0.9823,0.0,0.0
10,900,0,24.0,3,4,0,78,0.0,-0.9823,0.0,0.0
87,1020,1530,168.0,4,3,0,27,0.0,-0.8439,0.0,-0.9545
70,590,0,24.0,2,8,0,103,0.0,-0.6418,-0.9136,0.0
11,650,1530,24.0,4,6,2,43,0.0,-0.5423,0.0,-0.8316
17,600,600,24.0,2,8,2,114,0.0,-0.8481,0.0,0.0
17,660,1659,24.0,4,3,3,45,0.0,-0.9287,0.5093,0.0
16,760,0,24.0,2,8,3,56,0.4588,0.9726,0.9932,0.3182
24,640,600,24.0,3,11,0,47,0.0,0.3506,0.9882,-0.25
20,750,1400,24.0,4,11,5,147,0.0,-0.8126,0.0,0.0
11,225,0,24.0,81594,9,2,20,0.0,0.5994,0.0,0.0
15,338,0,24.0,4,3,3,58,0.0,-0.5994,0.4588,-0.9466
12,690,0,24.0,2,7,3,44,0.0,0.0,-0.636,0.0
11,600,600,24.0,82024,10,0,35,0.0,-0.6597,0.0,0.0
12,1300,1250,24.0,3,12,0,71,0.4588,-0.95,-0.5994,-0.4926
10,1100,0,24.0,3,3,0,47,0.4588,-0.9167,0.0,0.0
13,620,1500,24.0,3,9,3,33,0.0,-0.8316,-0.3818,-0.5994
17,850,0,24.0,3,9,0,120,0.4588,0.0,-0.4753,-0.5994
20,760,2100,24.0,2,7,7,60,0.0,-0.8316,0.0,0.0
13,650,0,24.0,2,11,3,35,0.4588,-0.8316,-0.8316,0.0
18,1050,0,24.0,4,1,2,44,0.4588,0.0,0.0,0.0
17,700,100,24.0,2,4,4,52,0.0,0.8979,0.0,0.0
13,750,1000,24.0,2,13,3,41,0.0,0.0,0.0,0.0
12,930,0,192.0,2,4,0,70,0.0,-0.9661,0.0,0.0
68,1085,1627,168.0,3,3,0,27,0.0,-0.8316,0.0,-0.9545
113,1200,1000,168.0,4,4,0,67,0.0,0.0,0.0,-0.9783
0,1121,1681,168.0,2,3,0,27,0.0,-0.9184,0.0,-0.9545
13,1140,0,24.0,4,4,0,71,0.0,-0.9761,0.0,0.0
105,1095,1642,168.0,2,3,0,27,0.0,-0.5994,0.0,-0.9545
19,940,0,24.0,4,9,5,31,0.0,-0.8485,0.9709,0.9607
17,1072,1725,24.0,2,10,2,39,0.0,-0.9081,-0.4588,-0.5994
23,943,1800,24.0,2,9,5,31,0.4588,-0.8316,-0.891,-0.9136
15,250,400,24.0,3,11,3,51,0.0,-0.8316,-0.9195,-0.636
15,680,600,24.0,4,10,2,50,0.0,-0.8316,0.0,0.0
18,1095,2000,24.0,1,11,0,47,0.0,-0.5023,0.9676,-0.3506
15,750,500,24.0,4,8,0,64,0.0,-0.9117,-0.8316,-0.8439
16,485,800,24.0,2,9,3,51,0.0,-0.4939,0.8151,0.0
13,780,0,24.0,4,8,3,21,0.0,-0.0516,0.0,0.0
37,1200,800,24.0,3,10,3,42,0.4588,0.836,0.9335,0.9393
12,600,600,24.0,2,10,0,31,0.0,0.8733,0.9965,0.0
15,560,200,24.0,85521,7,3,33,0.0,0.0,0.0,0.0
14,450,450,24.0,2,2,3,23,0.0,0.0,0.0,0.0
24,1100,100,24.0,4,12,0,37,0.0,0.0,-0.5994,0.0
18,759,1971,24.0,0,12,4,57,0.0,-0.25,-0.636,0.0
15,550,1100,24.0,85386,5,0,57,0.0,-0.8741,0.0,0.0
11,890,1500,24.0,4,9,5,58,0.0,0.0,-0.8316,-0.8622
12,570,570,24.0,4,8,0,19,0.0,0.7572,0.8655,0.8481
17,550,1000,24.0,1,9,0,42,0.0,-0.8442,-0.89,-0.5994
0,1160,1000,168.0,4,4,0,67,0.0,0.0,0.0,-0.9783
108,1112,1668,168.0,2,3,0,27,0.0,-0.636,0.0,-0.9545
68,1026,1539,168.0,4,3,0,27,0.0,0.0,0.0,-0.9545
17,930,0,24.0,3,4,0,59,0.0,-0.9761,0.0,0.0
10,900,0,24.0,3,4,0,78,0.0,-0.9823,0.0,0.0
80,1220,1830,168.0,2,3,0,27,0.0,-0.9184,0.0,-0.9545
30,520,0,24.0,82140,10,3,21,0.0,-0.94,-0.865,-0.6981
14,855,1500,24.0,1,12,6,43,0.0,-0.9136,-0.8126,0.0
11,850,1200,24.0,2,12,6,103,0.0,-0.9246,-0.8955,-0.5994
12,890,2340,24.0,4,11,3,67,0.0,-0.9643,0.0,0.0
11,640,1920,24.0,2,7,5,40,0.0,0.0,-0.8316,-0.7003
23,690,1500,24.0,2,11,5,54,0.0,-0.9459,0.0,0.0
24,850,2400,24.0,2,4,3,35,0.4588,0.3182,0.0,0.0
13,580,300,24.0,3,10,3,34,0.0,0.0,0.0,-0.5994
18,767,1236,24.0,2,10,3,73,0.0,-0.9758,-0.5994,-0.9823
18,650,100,24.0,2,10,3,117,0.0,-0.969,0.0,0.0
10,880,880,24.0,2,6,0,38,0.4588,0.0,-0.9401,0.0
11,685,1600,24.0,3,14,3,72,0.0,0.128,-0.9136,0.0
10,330,700,24.0,3,11,0,74,0.0,-0.6597,-0.2263,0.0
17,390,600,24.0,4,10,3,53,0.0,-0.946,0.0,0.0
30,780,935,24.0,1,10,5,69,0.0,0.7668,0.8453,0.7184
10,550,550,24.0,2,6,4,19,0.0,-0.5994,0.0,0.0
15,730,0,24.0,1,9,2,25,0.4588,-0.8316,0.6597,0.0
15,650,700,24.0,3,9,0,37,0.0,-0.9136,-0.8316,0.0
10,530,1000,24.0,1,8,3,27,0.0,-0.5994,-0.2263,-0.8658
11,1080,0,192.0,2,4,0,71,0.0,-0.9661,0.0,0.0
82,920,1380,168.0,4,3,0,27,0.0,0.0,0.0,-0.9545
14,1050,0,24.0,2,4,0,55,0.0,-0.9761,0.0,0.0
92,1120,1680,168.0,2,3,0,27,0.0,-0.5994,0.0,-0.9545
101,1095,1642,168.0,2,3,0,27,0.0,-0.5994,0.0,-0.9545
177,1010,1515,168.0,3,3,0,27,0.0,0.0,0.0,-0.9545
16,800,1500,24.0,4,10,2,39,0.0,-0.6908,-0.9136,0.9493
20,950,1500,24.0,4,10,0,40,0.0,0.7089,0.0,0.3818
15,698,1260,24.0,4,11,0,90,0.0,-0.9136,-0.9904,-0.9656
20,950,950,24.0,4,9,0,39,0.0,-0.8439,0.0,0.0
14,619,1000,24.0,2,11,0,39,0.0,-0.8316,0.0,0.0
16,750,1300,24.0,2,12,5,44,0.0,-0.8316,0.0,0.0
17,810,1770,120.0,82152,9,0,43,0.0,-0.8316,0.0,-0.5994
15,870,1740,120.0,2,12,4,157,0.4588,0.4588,0.0,-0.2263
26,850,1000,120.0,2,9,4,20,0.4588,0.0,0.0,0.0
27,1100,2200,120.0,2,13,4,145,0.4588,0.6486,0.8957,0.0
22,800,1500,120.0,3,8,4,39,0.0,-0.5994,0.0,0.0
16,940,2000,120.0,4,11,2,19,0.4588,-0.9062,-0.9001,0.0
15,650,0,120.0,1,11,6,62,0.0,-0.5423,0.0,0.0
18,850,1600,120.0,3,8,4,87,0.0,-0.9643,-0.5994,-0.636
12,797,2166,120.0,2,10,6,56,0.0,-0.9862,-0.3954,0.0
13,550,1000,120.0,4,1,0,52,0.0,0.34,0.296,0.4767
12,530,1060,120.0,3,11,3,28,0.0,-0.5994,0.4019,0.9717
10,300,500,120.0,2,10,2,35,0.0,0.0,-0.7003,-0.8316
41,1150,2000,120.0,4,13,4,28,0.0,-0.8316,-0.7269,-0.8316
66,955,1432,168.0,2,3,0,27,0.0,-0.9136,0.0,-0.9545
235,1125,1000,168.0,4,4,0,63,0.0,0.0,0.0,-0.9783
70,1035,1552,168.0,3,3,0,27,0.0,0.0,0.0,-0.9545
17,930,0,24.0,3,4,0,59,0.0,-0.9761,0.0,0.0
0,1150,1000,168.0,4,4,0,67,0.0,0.0,0.0,-0.9783
17,1170,0,24.0,2,4,0,68,0.0,-0.9769,0.0,0.0
16,830,1400,120.0,4,7,0,32,0.0,-0.8126,0.0,0.0
12,750,750,120.0,82049,12,0,93,0.0,-0.9808,-0.5994,-0.5994
12,480,960,120.0,2,13,0,56,0.0,-0.4588,-0.4753,-0.34
13,550,0,120.0,3,4,6,54,0.0,-0.296,-0.8658,-0.9136
15,650,600,120.0,4,4,4,47,0.0,-0.0202,0.807,0.5106
17,500,50,120.0,86577,12,0,49,0.0,-0.9136,-0.9485,-0.9661
10,680,750,120.0,1,8,0,34,0.4588,-0.5994,0.0,0.0
12,860,950,120.0,4,3,6,35,0.0,0.0,0.0,0.0
7,650,500,120.0,2,9,3,56,0.0,0.9818,0.0,0.0
17,800,1000,120.0,2,8,0,33,0.0,0.4225,0.0,0.0
16,550,350,120.0,2,8,0,45,0.0,-0.204,0.0,0.0
18,605,300,144.0,2,9,3,41,0.4588,0.9231,0.9021,-0.296
17,700,700,144.0,4,12,5,77,0.0,-0.9821,0.0,0.0
10,725,2000,144.0,2,9,3,45,0.0,0.8971,0.9468,0.7269
11,740,740,144.0,2,3,4,26,0.0,0.0,0.0,0.0
20,800,1300,144.0,3,9,4,55,0.0,-0.9872,-0.8316,0.0
20,690,1500,144.0,2,9,6,68,0.0,-0.5994,-0.5994,0.0
18,700,0,144.0,3,7,2,70,0.0,-0.9868,-0.9136,0.0
17,675,1725,144.0,2,7,3,50,0.0,-0.9477,-0.5994,-0.5994
12,490,1200,144.0,2,8,6,54,0.0,-0.5994,-0.636,0.0
18,870,0,24.0,2,4,0,70,0.0,-0.9761,0.0,0.0
87,1020,1530,168.0,4,3,0,27,0.0,-0.8439,0.0,-0.9545
12,1080,0,192.0,2,4,0,89,0.0,-0.9823,0.0,0.0
0,1325,1000,168.0,4,4,0,67,0.0,0.0,0.0,-0.9783
94,945,1417,168.0,2,3,0,27,0.0,0.0,0.0,-0.9545
15,900,0,144.0,4,3,0,51,0.0,-0.5994,0.0,-0.4588
24,550,0,144.0,3,8,2,49,0.0,-0.9824,0.0,0.0
12,840,1500,144.0,2,9,5,43,0.0,-0.7579,0.8109,-0.8934
19,400,400,144.0,2,2,0,83,0.0,0.368,0.0,0.0
16,1000,1900,144.0,3,7,2,41,0.4588,-0.9538,-0.5994,0.0
14,790,200,144.0,3,11,0,21,0.0,-0.9136,-0.9136,-0.4588
8,590,1000,144.0,2,8,0,32,0.0,0.554,0.5574,0.8356
11,510,0,144.0,2,9,3,28,0.0,0.4588,-0.9081,-0.4082
11,630,0,144.0,3,9,0,39,0.0,0.0,0.0,0.0
14,600,0,144.0,4,13,0,41,0.0,-0.5423,0.0,0.0
13,750,500,144.0,2,7,5,44,0.4588,0.6989,0.8617,0.0
11,750,750,144.0,2,4,0,65,0.0,0.8552,0.0,0.0
10,670,2010,144.0,3,4,0,51,0.4588,0.0,0.0,0.0
18,850,1000,144.0,3,6,0,32,0.0,-0.8316,0.0,0.0
20,610,0,144.0,2,8,3,28,0.0,0.0,0.0,0.0
10,600,1500,144.0,1,10,2,16,0.4588,0.0,0.0,-0.5994
15,669,1600,144.0,2,10,0,38,0.0,-0.6124,-0.5994,0.0
20,680,1200,144.0,3,12,7,50,0.0,-0.5813,0.0,0.0
89,1050,1575,168.0,2,3,0,27,0.0,-0.9184,0.0,-0.9545
12,720,0,1.0,4,4,0,62,0.0,-0.9761,0.0,0.0
113,1325,1000,168.0,4,4,0,67,0.0,0.0,0.0,-0.9783
81,1041,1561,168.0,2,3,0,27,0.0,-0.5994,0.0,-0.9545
11,930,0,168.0,2,4,0,62,0.0,-0.9761,0.0,0.0
177,1010,1515,168.0,3,3,0,27,0.0,0.0,0.0,-0.9545
10,600,1000,144.0,4,7,2,30,0.0,0.4939,0.0,0.0
14,1350,2400,144.0,2,13,10,134,0.0,-0.9758,-0.9062,-0.5994
8,420,0,144.0,2,7,3,67,0.0,0.5707,0.0,0.0
12,650,0,144.0,2,9,3,22,0.0,-0.9558,0.0,0.0
15,20,50,168.0,4,1,0,46,0.0,0.875,0.0,0.4588
13,753,1400,168.0,3,11,0,33,0.0,-0.9595,-0.8316,0.0
16,1060,1590,168.0,2,12,5,66,0.0,-0.9816,-0.5994,0.0
12,600,0,168.0,3,8,0,45,0.4588,-0.8316,-0.5994,-0.5994
30,850,1000,168.0,1,9,2,59,0.0,-0.5423,0.0,0.0
11,700,2100,168.0,1,13,2,47,0.0,0.0,-0.8126,0.0
15,780,1000,168.0,2,14,2,63,0.0,0.0,0.0,0.0
18,780,0,168.0,2,1,0,64,0.0,-0.4469,0.0,0.0
13,835,2505,168.0,2,5,4,26,0.4588,-0.9888,0.0,0.0
12,650,1740,168.0,2,7,4,28,0.0,-0.836,-0.5994,0.0
14,570,1710,168.0,1,9,6,83,0.0,-0.9287,0.0,0.0
12,950,2250,168.0,4,6,5,49,0.0,-0.5423,-0.3818,0.3182
20,950,1500,168.0,3,9,5,40,0.0,0.0,0.0,-0.5994
13,567,300,168.0,3,11,0,37,0.4588,-0.9674,-0.9775,-0.944
15,850,2550,168.0,4,8,3,39,0.0,0.0,0.7906,-0.8126
92,1120,1680,168.0,2,3,0,27,0.0,-0.5994,0.0,-0.9545
14,930,0,168.0,2,4,0,70,0.0,-0.9761,0.0,0.0
78,1005,1507,168.0,2,3,0,27,0.0,0.0,0.0,-0.9545
17,1170,0,24.0,2,4,0,68,0.0,-0.9769,0.0,0.0
80,1200,1800,168.0,2,3,0,27,0.0,-0.9184,0.0,-0.9545
0,1160,1000,168.0,4,4,0,67,0.0,0.0,0.0,-0.9783
20,1013,2000,168.0,4,11,0,78,0.0,-0.5118,0.9042,0.9001
15,750,670,168.0,3,9,4,46,0.0,-0.8316,-0.5994,-0.5994
25,450,0,168.0,3,11,0,32,0.0,0.9974,0.0,0.0
26,910,1000,168.0,4,9,8,83,0.4588,0.9955,0.0,0.0
8,555,1350,168.0,2,5,3,47,0.4588,0.3384,0.9683,-0.1027
14,650,600,168.0,2,13,4,20,0.0,-0.8316,-0.5994,0.0
50,1000,2200,168.0,2,9,0,47,0.0,-0.9833,-0.8316,-0.636
15,630,1300,168.0,2,6,0,40,0.0,-0.9796,0.0,0.0
23,700,1000,168.0,4,12,5,28,0.0,-0.2023,0.0,0.0
14,550,550,168.0,2,8,5,81,0.0,0.5348,0.0,0.0
22,1100,2200,168.0,4,5,6,37,0.0,-0.851,0.0,0.0
14,573,480,168.0,2,9,4,32,0.0,-0.9656,0.0,0.0
14,800,0,168.0,2,10,4,41,0.4588,-0.5423,-0.2263,-0.5994
15,500,1000,168.0,2,6,2,21,0.4588,0.6731,0.8901,0.5994
17,1250,500,168.0,4,9,3,38,0.0,0.2023,0.0,0.0
8,400,400,168.0,2,7,4,62,0.0,0.0,-0.5994,0.0
20,650,1300,168.0,2,11,3,90,0.0,-0.9681,0.0,0.0
20,800,2400,168.0,4,11,4,37,0.4588,-0.8932,0.0,0.0
25,840,1500,168.0,2,12,0,87,0.0,0.0,0.0,0.0
60,1000,1000,168.0,3,6,0,39,0.0,-0.5994,-0.4215,0.0
15,1050,0,24.0,2,4,0,68,0.0,-0.9769,0.0,0.0
95,1231,1846,168.0,2,3,0,27,0.0,-0.636,0.0,-0.9545
66,955,1432,168.0,2,3,0,27,0.0,-0.9136,0.0,-0.9545
83,965,1447,168.0,2,3,0,27,0.0,0.0,0.0,-0.9545
120,955,1432,168.0,2,3,0,27,0.0,0.0,0.0,-0.9545
14,1050,0,24.0,2,4,0,55,0.0,-0.9761,0.0,0.0
13,150,100,168.0,2,9,3,40,0.0,0.0,0.0,0.0
23,650,600,168.0,2,9,0,85,0.4588,-0.936,0.4588,0.4588
13,850,850,168.0,4,4,2,71,0.0,-0.8316,0.0,0.0
15,1050,1500,168.0,4,10,6,28,0.4588,0.9761,0.9529,0.0
23,790,1580,168.0,2,11,3,44,0.0,0.4404,-0.0258,0.8856
17,690,1000,168.0,4,12,4,32,0.0,-0.8395,-0.8802,-0.8439
16,49,200,168.0,4,12,4,52,0.0,-0.9476,-0.9299,-0.8439
20,775,1400,168.0,1,7,4,61,0.0,0.296,0.0,0.0
25,1000,1700,168.0,3,5,5,28,0.4588,0.0,-0.296,-0.9313
16,904,1500,168.0,2,9,0,42,0.0,-0.969,-0.8883,0.0
8,530,800,168.0,2,8,2,28,0.0,0.0,0.0,0.0
22,800,1500,168.0,4,11,0,67,0.4588,0.9724,0.0,0.0
16,860,2580,168.0,2,10,3,36,0.0,0.0,0.0,0.3182
16,910,2730,168.0,2,10,4,25,0.0,0.0,0.0,0.3182
13,790,2220,168.0,4,9,5,38,0.0,-0.855,-0.9392,-0.9136
13,550,1400,168.0,2,10,8,16,0.0,-0.9184,0.3182,0.2732
18,790,1580,168.0,4,8,0,30,0.0,-0.4854,0.9925,0.0
21,800,1500,168.0,2,9,5,38,0.0,0.0,-0.5994,0.0
15,400,200,192.0,2,2,4,45,0.0,-0.9686,0.0,0.0
40,650,0,192.0,3,7,3,62,0.0,0.9575,0.9944,0.9785
108,1220,1830,168.0,2,3,0,27,0.0,-0.636,0.0,-0.9545
0,1121,1681,168.0,2,3,0,27,0.0,-0.9184,0.0,-0.9545
68,922,1383,168.0,4,3,0,27,0.0,0.0,0.0,-0.9545
17,1170,0,192.0,3,4,0,83,0.0,-0.9761,0.0,0.0
14,960,0,24.0,4,4,0,73,0.0,-0.9828,0.0,0.0
17,690,1500,192.0,2,7,3,32,0.0,-0.8176,-0.5994,0.555
10,690,900,192.0,3,11,2,31,0.0,-0.9062,0.0,0.0
17,755,0,192.0,2,5,4,24,0.0,-0.8126,-0.8316,-0.636
20,830,1000,192.0,2,7,4,39,0.4588,0.9331,0.7794,0.4404
8,605,800,192.0,2,10,0,74,0.0,-0.743,0.0,0.0
8,45,400,192.0,2,11,0,65,0.0,0.0,0.0,0.0
14,805,800,192.0,2,10,0,50,0.0,-0.128,0.0,0.0
14,805,800,192.0,2,9,0,42,0.0,-0.6124,0.0,0.0
8,705,800,192.0,2,11,0,88,0.0,-0.6808,0.0,0.0
14,700,1950,192.0,2,9,2,27,0.0,-0.9136,-0.1779,-0.5994
8,680,900,192.0,3,12,2,60,0.0,-0.9712,0.0,0.0
15,700,700,192.0,3,9,5,60,0.0,-0.7184,0.0,0.4019
20,500,500,192.0,1,9,0,30,0.0,0.0,0.0,0.0
15,824,1800,192.0,2,8,3,30,0.4588,-0.7263,-0.636,0.6514
15,927,2550,192.0,2,5,5,23,0.0,-0.9859,0.0,0.0
25,850,850,192.0,4,1,3,13,0.0,-0.4215,0.0,0.0
14,1020,0,24.0,2,4,0,68,0.0,-0.9769,0.0,0.0
0,1325,1000,168.0,4,4,0,67,0.0,0.0,0.0,-0.9783
15,1200,0,24.0,2,4,0,68,0.0,-0.9823,0.0,0.0
27,925,1500,168.0,3,4,0,59,0.0,0.0,0.0,0.0
87,1020,1530,168.0,4,3,0,27,0.0,-0.8439,0.0,-0.9545
89,1041,1561,168.0,2,3,0,27,0.0,-0.9184,0.0,-0.9545
15,700,1800,192.0,2,7,0,22,0.0,0.34,0.9413,-0.1154
17,728,800,192.0,2,10,2,23,0.4588,0.9169,0.8106,0.9968
23,760,1380,192.0,85640,9,5,102,0.0,-0.9485,0.4939,-0.765
21,750,750,192.0,2,11,0,38,0.0,0.0,-0.8316,-0.5994
17,560,1000,192.0,4,11,3,87,0.0,-0.9661,0.0,-0.5994
25,625,1000,192.0,2,4,6,47,0.0,0.34,0.0,0.0
17,750,1420,192.0,3,7,5,31,0.0,-0.9136,0.0,0.0
24,375,375,192.0,1,5,3,29,0.4588,0.9214,0.0,0.0
20,1000,1000,192.0,3,7,0,43,0.4588,-0.8591,0.0,0.0
14,750,1000,192.0,2,12,2,30,0.0,-0.7906,0.0,0.0
17,900,1500,192.0,4,8,5,25,0.0,-0.9413,0.0,0.0
20,200,60,192.0,4,8,0,23,0.0,0.0,0.7003,0.0
15,880,850,192.0,4,10,0,31,0.0,0.0,0.0,-0.5994
10,570,1000,192.0,1,8,3,15,0.0,-0.5994,-0.5994,0.5093
16,990,0,192.0,4,3,3,52,0.0,0.2263,0.0,0.0
18,790,1500,192.0,4,11,5,66,0.0,-0.6808,0.9925,-0.7906
16,786,1800,192.0,2,8,3,36,0.0,-0.9769,-0.8957,0.0
20,682,1425,192.0,3,6,2,106,0.4588,0.0,0.9371,0.0
20,285,300,192.0,4,10,0,94,0.0,-0.991,0.0,0.0
20,800,600,192.0,2,4,3,58,0.0,-0.6808,0.0,0.0
89,1050,1575,168.0,2,3,0,27,0.0,-0.9184,0.0,-0.9545
124,1231,1846,168.0,2,3,0,27,0.0,-0.636,0.0,-0.9545
12,930,0,192.0,2,4,0,70,0.0,-0.9661,0.0,0.0
93,1245,1867,168.0,2,3,0,27,0.0,-0.9184,0.0,-0.9545
95,896,1344,168.0,2,3,0,27,0.0,0.0,0.0,-0.9545
13,960,0,24.0,3,4,0,63,0.0,-0.9823,0.0,0.0
10,510,960,192.0,4,2,4,47,0.0,-0.9643,0.0,0.0
14,685,1000,192.0,4,10,2,22,0.0,-0.9476,0.0,0.0
30,900,600,192.0,2,9,0,51,0.0,0.0,0.0,0.0
20,1200,0,192.0,4,1,0,28,0.0,0.0,0.0,0.0
15,700,1200,192.0,1,11,2,38,0.0,-0.8439,0.0,0.0
21,1049,200,216.0,3,4,0,125,0.0,0.7876,0.0,0.0
19,675,850,216.0,3,11,2,60,0.0,-0.9817,-0.8316,0.0
12,690,1300,216.0,3,11,6,63,0.0,-0.9485,0.4588,-0.6597
14,800,0,216.0,2,6,3,54,0.0,-0.636,0.0,0.0
24,704,1131,216.0,3,8,0,60,0.4588,-0.7003,-0.4588,-0.8168
7,750,250,216.0,3,4,0,50,0.0,0.0,-0.5994,0.3987
13,735,1600,216.0,4,6,0,42,0.0,-0.7044,-0.6688,0.0
9,700,1500,216.0,4,10,5,27,0.0,-0.6808,0.0,0.0
18,950,1800,216.0,4,10,6,61,0.0,-0.6808,-0.9136,-0.9136
30,750,0,216.0,2,11,2,39,0.0,-0.8516,0.0,0.0
20,650,500,216.0,3,11,4,79,0.0,-0.5423,-0.8316,-0.5994
15,450,800,216.0,2,12,0,54,0.4588,-0.6808,0.0,0.0
17,650,900,216.0,3,12,0,25,0.0,-0.128,-0.8316,0.0
16,355,250,216.0,2,10,3,52,0.0,-0.636,-0.8316,-0.7312
12,430,700,216.0,85540,11,3,29,0.0,-0.9062,0.0,0.0
85,890,1335,168.0,4,3,0,27,0.0,0.0,0.0,-0.9545
0,1160,1000,168.0,4,4,0,67,0.0,0.0,0.0,-0.9783
20,990,0,24.0,4,4,0,62,0.0,-0.9761,0.0,0.0
0,1121,1681,168.0,2,3,0,27,0.0,-0.9184,0.0,-0.9545
21,1200,0,144.0,2,5,0,118,0.0,-0.9508,0.0,0.0
27,925,1500,168.0,3,4,0,59,0.0,0.0,0.0,0.0
19,750,500,216.0,2,9,0,38,0.4588,0.9531,0.8979,0.7783
0,595,1000,216.0,1,8,2,30,0.0,0.5574,-0.0717,0.0
9,275,550,216.0,2,4,0,32,0.0,0.0,-0.2942,0.0
21,1050,0,216.0,2,6,3,23,0.0,-0.9334,0.0,0.0
15,620,0,216.0,4,6,3,58,0.4588,0.5719,0.128,0.0
30,1040,1200,216.0,2,11,5,43,0.0,-0.9451,-0.636,-0.636
15,945,2000,216.0,4,10,5,95,0.4588,0.4153,0.0996,0.7149
15,980,1000,216.0,4,6,5,30,0.4588,0.4576,0.0,0.0
22,850,1000,216.0,4,11,2,64,0.0,0.0,-0.5423,0.0
15,845,2000,216.0,2,12,0,132,0.0,-0.9582,-0.9157,0.9982
12,780,1200,216.0,3,8,3,33,0.0,0.0,0.0,-0.5994
15,780,1950,216.0,3,10,6,50,0.0,-0.9136,-0.8316,0.0
17,650,1860,216.0,82194,2,5,50,0.0,0.6514,0.0,0.0
10,800,1000,216.0,1,9,6,77,0.4588,-0.802,-0.5813,0.8936
10,640,1920,1.0,2,8,0,68,0.0,-0.9509,-0.5994,0.0
9,435,850,216.0,4,11,2,74,0.0,0.0,-0.5994,0.0
28,845,1700,216.0,4,11,2,98,0.0,-0.5423,0.0,0.0
18,130,200,216.0,2,13,0,47,0.0,0.0,0.0,0.0
31,1070,2137,216.0,4,9,0,43,0.0,-0.8439,-0.5994,0.75
13,900,0,192.0,2,4,0,70,0.0,-0.9761,0.0,0.0
87,1020,1530,168.0,4,3,0,27,0.0,-0.8439,0.0,-0.9545
145,920,1380,168.0,2,3,0,27,0.0,0.0,0.0,-0.9545
67,975,1462,168.0,2,3,0,27,0.0,0.0,0.0,-0.9545
92,1064,1596,168.0,2,3,0,27,0.0,-0.5994,0.0,-0.9545
12,1020,0,144.0,2,4,0,109,0.0,-0.9823,0.0,0.0
19,750,1300,216.0,2,11,6,49,0.0,-0.959,0.2023,0.0
20,1000,1000,216.0,3,7,0,55,0.4588,-0.8591,0.0,0.0
19,1007,2100,216.0,2,5,3,37,0.0,0.9578,0.0,0.0
8,390,990,216.0,4,5,0,31,0.0,-0.9761,-0.8316,-0.636
16,710,1130,216.0,3,6,3,19,0.0,-0.8268,-0.636,0.0
15,600,1800,240.0,2,3,5,24,0.0,0.0,0.0,0.0
13,487,1002,240.0,4,9,2,60,0.0,0.0,-0.8316,0.0
17,569,1218,240.0,4,8,4,60,0.0,0.0,-0.8316,0.0
21,850,1000,240.0,2,7,5,46,0.0,-0.9136,0.0,-0.8316
12,850,0,240.0,4,9,0,98,0.0,0.8123,0.9801,0.8122
15,810,1000,240.0,2,11,4,11,0.0,-0.5423,0.0,0.0
22,745,1000,240.0,4,8,0,90,0.4588,-0.9136,-0.8126,0.0
15,700,0,240.0,1,5,3,49,0.0,-0.5994,0.0,0.0
20,1100,3000,240.0,4,4,5,68,0.0,-0.891,0.0,0.0
15,955,2660,240.0,4,10,7,71,0.0,-0.9808,0.0,0.0
13,850,850,240.0,3,6,5,44,0.0,0.9912,0.0,0.0
11,885,2430,240.0,4,10,7,71,0.0,-0.9832,0.0,0.0
11,710,1500,240.0,2,3,0,67,0.0,-0.859,-0.5994,0.0
17,650,1000,240.0,1,10,3,25,0.0,0.0,0.0,-0.5994
15,1100,2850,240.0,4,12,4,69,0.4588,-0.9623,0.0,0.0
13,900,0,192.0,2,4,0,70,0.0,-0.9761,0.0,0.0
0,1270,1000,168.0,4,4,0,67,0.0,0.0,0.0,-0.9783
177,1020,1530,168.0,3,3,0,27,0.0,0.0,0.0,-0.9545
13,1140,0,24.0,4,4,0,71,0.0,-0.9761,0.0,0.0
85,890,1335,168.0,4,3,0,27,0.0,0.0,0.0,-0.9545
157,1150,1000,168.0,4,4,0,68,0.0,0.0,0.0,-0.9783
25,900,1000,240.0,0,13,6,53,0.0,0.5106,0.8402,0.34
15,750,700,240.0,2,7,0,24,0.0,-0.875,0.0,0.0
15,450,1000,240.0,2,10,0,28,0.0,-0.8825,0.0,0.0
15,850,0,240.0,4,1,0,50,0.4588,0.9184,0.0,0.0
18,785,1570,240.0,2,6,4,43,0.0,0.9778,0.0,0.0
35,1200,2000,240.0,4,10,3,57,0.0,-0.9246,-0.8316,0.0
16,650,0,240.0,2,7,0,48,0.0,-0.9491,0.0,0.0
11,896,2490,240.0,2,10,3,47,0.4588,0.8412,0.8562,0.8065
25,945,0,240.0,3,6,4,57,0.0,0.0,0.0,0.0
20,700,1200,240.0,2,11,2,53,0.0,-0.8881,0.0,0.0
24,930,1000,240.0,3,7,3,38,0.0,-0.9643,-0.9136,-0.8316
10,570,500,240.0,3,11,4,47,0.0,-0.8011,-0.9738,0.4588
14,860,2000,240.0,3,11,4,93,0.0,-0.7096,0.0,0.0
18,1000,1000,240.0,3,9,3,92,0.0,-0.5267,0.9377,0.0
16,1350,1350,240.0,4,7,3,187,0.4588,0.9769,0.9952,0.8402
14,950,0,240.0,2,7,0,47,0.0,-0.8591,-0.5994,0.5093
24,730,1500,240.0,2,10,6,39,0.0,-0.9136,-0.6688,-0.5994
10,450,400,240.0,2,3,5,66,0.0,-0.5994,-0.34,0.0
113,1200,1000,168.0,4,4,0,67,0.0,0.0,0.0,-0.9783
12,1050,0,24.0,2,4,0,55,0.0,-0.9761,0.0,0.0
106,1220,1830,168.0,2,3,0,27,0.0,-0.5994,0.0,-0.9545
103,1160,1000,168.0,4,4,0,67,0.0,0.0,0.0,-0.9783
124,1195,1792,168.0,2,3,0,27,0.0,-0.636,0.0,-0.9545
13,1140,0,24.0,4,4,0,71,0.0,-0.9761,0.0,0.0
20,575,900,264.0,82110,11,3,50,0.0,-0.8591,-0.5093,0.0
22,670,1100,264.0,2,11,4,28,0.0,-0.9062,-0.5994,-0.9761
14,750,0,264.0,4,9,0,76,0.0,-0.9136,0.0,0.0
14,780,1400,264.0,3,11,3,17,0.0,0.4767,0.0,0.0
15,560,1500,264.0,4,9,3,61,0.0,-0.9485,0.0,-0.8313
16,850,1000,264.0,3,6,4,39,0.0,-0.9186,0.0,-0.5994
12,800,1300,264.0,1,10,3,60,0.0,-0.9698,-0.902,0.0
16,837,600,264.0,1,9,0,78,0.0,-0.1027,-0.5994,0.0
10,690,1500,264.0,3,6,2,33,0.4588,0.6901,0.0,0.0
16,800,2000,264.0,2,11,5,75,0.0,-0.636,0.0,0.0
21,800,350,264.0,4,2,0,30,0.0,0.0,0.0,0.0
16,650,1300,264.0,3,4,2,40,0.0,-0.5994,-0.8316,0.4588
20,310,500,264.0,1,9,2,57,0.0,-0.5423,-0.5423,0.0
14,280,300,264.0,3,13,2,37,0.0,-0.8439,-0.855,-0.7205
15,690,0,264.0,3,9,0,46,0.0,-0.875,-0.8439,0.0
20,1400,2400,264.0,4,9,0,67,0.4588,0.0,0.0,0.0
17,1200,2000,264.0,4,9,0,89,0.4588,0.0,0.0,0.0
17,560,1000,264.0,2,2,3,29,0.0,0.4588,0.6588,0.507
124,1231,1846,168.0,2,3,0,27,0.0,-0.636,0.0,-0.9545
94,945,1417,168.0,2,3,0,27,0.0,0.0,0.0,-0.9545
11,1080,0,24.0,2,4,0,55,0.0,-0.9761,0.0,0.0
145,1175,1762,168.0,3,3,0,27,0.0,-0.5994,0.0,-0.9545
145,920,1380,168.0,2,3,0,27,0.0,0.0,0.0,-0.9545
18,1050,0,24.0,3,4,0,63,0.0,-0.9823,0.0,0.0
20,1030,2000,264.0,3,11,2,35,0.0,0.0,-0.8126,0.0
18,1050,2250,264.0,4,10,0,31,0.0,-0.6705,-0.296,0.3786
25,1200,1200,264.0,2,9,3,96,0.0,-0.8439,0.0,0.0
12,881,2640,264.0,3,11,4,89,0.0,-0.9844,0.0,-0.5994
17,900,2000,264.0,4,8,4,38,0.0,-0.9914,0.0,0.0
18,765,1000,264.0,2,11,3,21,0.0,-0.636,0.0,0.0
9,575,500,264.0,2,10,0,35,0.0,0.0,-0.936,0.0
10,635,1800,264.0,4,7,4,43,0.0,-0.9413,-0.296,0.0
18,872,2000,264.0,4,9,3,40,0.0,-0.9569,-0.9508,-0.9184
15,650,0,264.0,4,6,3,42,0.0,-0.6808,0.0,0.4588
20,1000,1500,264.0,2,6,5,95,0.0,0.9267,0.9081,0.9623
16,700,1500,264.0,2,3,3,21,0.0,-0.6996,-0.5994,0.0
25,950,150,264.0,3,8,0,55,0.0,-0.2263,-0.5994,0.0
14,795,1600,264.0,4,4,6,51,0.0,0.9914,0.0,0.0
15,735,0,264.0,4,8,2,44,0.0,-0.9313,-0.9661,-0.636
22,950,2000,264.0,3,8,2,34,0.4588,-0.6571,0.0,0.0
9,850,2000,264.0,3,10,3,36,0.0,-0.9766,0.0,0.0
18,945,0,264.0,2,3,6,47,0.0,-0.9508,0.4588,-0.636
14,850,1200,264.0,2,11,5,47,0.0,-0.975,-0.8885,-0.5994
23,750,400,264.0,2,10,0,48,0.0,-0.8225,-0.7003,0.7127
9,1140,0,192.0,2,4,0,76,0.0,-0.9661,0.0,0.0
12,1050,0,24.0,2,4,0,55,0.0,-0.9761,0.0,0.0
108,1112,1668,168.0,2,3,0,27,0.0,-0.636,0.0,-0.9545
101,1095,1642,168.0,2,3,0,27,0.0,-0.5994,0.0,-0.9545
0,1121,1681,168.0,2,3,0,27,0.0,-0.9184,0.0,-0.9545
124,1231,1846,168.0,2,3,0,27,0.0,-0.636,0.0,-0.9545
12,725,1300,264.0,4,12,5,15,0.0,0.4351,0.765,0.0
18,562,1500,264.0,3,10,2,35,0.0,-0.9983,-0.8126,0.0
107,895,1900,264.0,85521,3,5,44,0.0,-0.872,-0.8316,0.0
20,740,1480,264.0,4,4,3,67,0.0,-0.8715,0.0,0.0
11,990,1700,264.0,3,11,5,102,0.0,0.875,0.296,0.8439
12,700,0,264.0,3,11,0,30,0.4588,-0.9509,0.0,-0.5848
30,1690,0,288.0,4,9,3,50,0.4588,-0.5994,-0.886,0.0
9,150,0,288.0,2,5,0,28,0.0,0.0,-0.855,-0.8176
10,840,2500,288.0,2,7,4,16,0.4588,0.0,0.4939,0.6597
35,900,0,288.0,2,12,0,62,0.4588,-0.25,0.0,0.0
16,815,2445,288.0,4,5,4,39,0.0,-0.8316,-0.9136,-0.5994
11,830,1400,288.0,1,10,3,73,0.0,-0.9136,0.0,0.0
14,880,2000,288.0,1,12,4,27,0.0,-0.8979,0.4588,0.0
13,590,1500,288.0,4,9,3,20,0.0,0.0,0.5994,0.4588
36,681,0,288.0,3,5,2,83,0.0,-0.9954,0.0,0.0
16,750,400,288.0,1,11,0,28,0.0,-0.7906,0.0,0.0
17,900,2000,288.0,2,11,4,78,0.0,-0.9589,0.0,0.0
11,610,1200,288.0,3,11,0,67,0.0,-0.9738,-0.8316,-0.7964
12,795,2000,288.0,2,12,5,16,0.0,-0.9923,-0.8316,0.0
20,960,1500,288.0,2,13,6,45,0.0,-0.9907,0.0,-0.8316
124,1195,1792,168.0,2,3,0,27,0.0,-0.636,0.0,-0.9545
145,920,1380,168.0,2,3,0,27,0.0,0.0,0.0,-0.9545
81,1041,1561,168.0,2,3,0,27,0.0,-0.5994,0.0,-0.9545
14,960,0,24.0,4,4,0,73,0.0,-0.9828,0.0,0.0
13,1140,0,24.0,4,4,0,71,0.0,-0.9761,0.0,0.0
140,1240,1000,168.0,4,4,0,50,0.0,0.0,0.0,-0.9783
12,535,800,288.0,3,8,3,16,0.0,0.7003,0.34,0.34
15,890,2220,288.0,3,10,0,66,0.0,0.1361,0.9723,0.0
14,700,0,288.0,4,1,0,50,0.4588,0.0,-0.5994,0.0
10,740,1920,288.0,1,11,6,41,0.0,-0.9136,-0.5994,-0.5994
13,500,750,288.0,3,10,0,30,0.4588,-0.3578,-0.8316,-0.5994
23,750,800,288.0,3,7,0,138,0.0,0.6808,0.7494,0.0
16,830,1334,288.0,3,10,5,30,0.0,-0.9371,-0.7783,-0.5994
19,620,600,288.0,2,7,0,40,0.4588,0.9134,0.9208,0.0
20,540,150,288.0,4,6,0,33,0.0,0.0,0.0,0.0
12,870,1000,288.0,2,1,5,44,0.0,-0.5423,0.0,0.0
12,750,1554,288.0,2,11,6,49,0.0,-0.9062,-0.9451,-0.2263
14,300,200,312.0,4,7,0,21,0.0,-0.8268,0.0,-0.8402
17,990,4000,312.0,2,11,5,46,0.0,-0.987,0.0,-0.5994
16,410,0,312.0,2,9,0,49,0.0,-0.7875,-0.6418,-0.7875
18,450,0,312.0,2,9,0,53,0.0,-0.9583,-0.7875,-0.7875
15,1070,2000,312.0,4,11,4,64,0.0,-0.886,-0.5994,0.0
10,367,700,312.0,1,1,0,69,0.0,-0.8625,0.0,0.0
18,915,2034,312.0,4,10,4,77,0.0,-0.9701,0.7845,-0.8439
108,1220,1830,168.0,2,3,0,27,0.0,-0.636,0.0,-0.9545
0,1325,1000,168.0,4,4,0,67,0.0,0.0,0.0,-0.9783
12,1020,0,24.0,2,4,0,55,0.0,-0.9661,0.0,0.0
14,960,0,24.0,4,4,0,73,0.0,-0.9828,0.0,0.0
83,965,1447,168.0,2,3,0,27,0.0,0.0,0.0,-0.9545
