PriceTotal,Size,Deposit,OnlineSince,Adress,AmountofIcons,AmountofIconsNeeded,Title_length,LookingFor_length,analysis_det,analysis_desr,analysis_desl,analysis_desli,analysis_deso
670,12,0,1.0,3,3,0,38,338,0.4588,0.0,-0.296,0.8625,0.0772
350,20,600,1.0,4,12,0,48,245,0.0,0.0,0.2023,-0.902,-0.5994
790,11,2200,1.0,3,8,4,42,16,0.0,0.8122,0.3804,0.34,0.0
970,14,2673,1.0,3,7,3,46,16,0.0,-0.9097,-0.9823,0.0,0.0
800,14,2145,1.0,3,12,5,52,16,0.0,-0.5255,-0.9955,0.0,0.0
1050,23,1900,1.0,3,12,5,69,16,0.0,-0.9718,-0.5994,0.0,0.0
599,12,1000,1.0,2,10,0,12,338,0.0,0.2023,0.0,0.0,0.0
930,16,2550,1.0,4,6,3,60,16,0.0,0.1027,0.3254,0.34,0.0
790,10,2250,1.0,2,4,3,35,16,0.0,0.8201,-0.1796,0.0,0.0
1100,17,1900,1.0,3,11,0,104,338,0.4588,-0.9816,-0.6486,-0.8316,0.0
690,10,2070,1.0,2,6,3,17,16,0.0,-0.0516,-0.8445,-0.3506,0.0
855,31,1480,1.0,3,11,2,37,338,0.0,0.0,0.0,-0.918,-0.5994
755,10,1400,1.0,3,11,2,39,338,0.0,-0.9246,0.0,-0.918,0.0
845,11,2000,1.0,2,11,0,88,338,0.0,-0.9755,0.0,-0.9788,0.9962
785,14,2100,1.0,2,11,3,54,16,0.0,-0.5255,-0.9948,0.0,0.0
1150,34,1500,1.0,2,12,6,75,338,0.0,-0.9623,-0.743,0.0,0.0
749,10,1498,1.0,3,12,5,39,16,0.0,0.1779,0.0,0.0,0.0
650,22,650,1.0,80000,13,5,65,286,0.0,-0.8316,0.0,0.0,0.0
815,19,2190,1.0,3,10,3,52,16,0.0,-0.5994,-0.9912,0.0,0.0
770,15,1800,1.0,2,9,0,63,338,0.0,-0.7458,-0.8316,-0.7494,0.0
900,10,0,24.0,3,4,0,78,16,0.0,-0.9823,-0.5994,0.0,0.0
1160,0,1000,168.0,4,4,0,67,16,0.0,0.0,0.0,0.0,-0.9783
1112,108,1668,168.0,2,3,0,27,16,0.0,-0.636,0.0,0.0,-0.9545
990,15,0,24.0,2,4,0,95,16,0.0,-0.9661,-0.8439,0.0,0.0
1220,80,1830,168.0,2,3,0,27,16,0.0,-0.9184,0.0,0.0,-0.9545
770,15,1800,1.0,2,9,0,63,338,0.0,-0.7458,-0.8316,-0.7494,0.0
680,22,1300,1.0,3,5,5,55,338,0.0,0.0,-0.8316,-0.4389,-0.5994
750,15,1800,1.0,4,12,3,108,338,0.0,-0.9485,0.0,0.0,0.0
550,11,1500,1.0,82008,10,5,46,338,0.0,-0.8316,0.0,-0.5994,0.0
750,15,1500,1.0,3,8,3,28,16,0.0,-0.7405,-0.9823,0.0,0.0
925,14,1500,1.0,2,9,5,58,16,0.0,0.9595,0.0,0.0,0.636
860,12,2200,1.0,3,8,2,59,16,0.0,0.9634,-0.1027,0.6988,-0.7037
1150,37,1500,1.0,3,10,0,50,16,0.0,-0.7184,-0.9136,0.0,0.0
715,11,1890,1.0,3,11,3,52,16,0.0,-0.5994,-0.9927,0.0,0.0
795,15,2250,1.0,2,8,6,72,338,0.0,-0.9334,0.2714,0.0,0.0
650,11,800,1.0,2,6,2,37,16,0.0,-0.5423,0.0,0.0,0.0
750,18,1800,1.0,82049,11,2,73,16,0.0,-0.128,0.0,0.0,-0.5994
725,12,1920,1.0,2,11,5,52,16,0.0,-0.5255,-0.9864,0.0,0.0
675,12,1770,1.0,1,10,7,52,16,0.0,-0.5255,-0.9761,0.0,0.0
950,17,950,1.0,3,11,3,44,206,0.0,-0.4588,-0.5423,0.93,-0.3987
737,15,0,1.0,4,8,0,38,338,0.0,-0.5994,-0.4767,0.0,0.0
740,24,1650,1.0,2,8,4,31,286,0.0,-0.8439,0.0,0.0,0.0
1020,87,1530,168.0,4,3,0,27,16,0.0,-0.8439,0.0,0.0,-0.9545
900,10,0,24.0,3,4,0,78,16,0.0,-0.9823,-0.5994,0.0,0.0
1375,0,1000,168.0,4,4,0,67,16,0.0,0.0,0.0,0.0,-0.9783
960,13,0,1.0,3,4,0,63,16,0.0,-0.9823,-0.5994,0.0,0.0
1195,124,1792,168.0,2,3,0,27,16,0.0,-0.636,0.0,0.0,-0.9545
1290,42,2200,1.0,3,12,7,102,338,0.0,-0.8429,-0.9335,-0.5994,-0.9643
1200,34,2500,1.0,3,12,9,161,338,0.0,-0.795,-0.9335,-0.5994,-0.9643
640,16,0,1.0,3,7,4,38,16,0.0,-0.5994,0.5994,-0.8316,0.0
760,15,1500,1.0,3,10,0,101,338,0.4588,0.6808,0.0,0.0,0.0
750,15,1500,1.0,3,9,0,202,338,0.4588,-0.1362,0.0,0.0,0.0
760,12,1500,1.0,2,9,0,141,245,0.4588,-0.8402,0.0,0.0,0.0
650,24,1000,1.0,2,9,0,26,16,0.0,-0.8126,0.0,0.0,0.0
925,19,1900,1.0,3,11,7,143,338,0.0,-0.8257,-0.5994,0.128,-0.8316
795,17,2130,1.0,3,9,3,59,338,0.4588,-0.2263,-0.5994,0.0,0.0
780,12,2100,1.0,2,11,0,76,338,0.0,0.8454,-0.9211,0.4754,0.6246
940,19,1700,1.0,3,11,6,107,338,0.0,-0.8126,-0.6688,-0.5994,-0.5994
750,19,1995,1.0,1,10,5,51,16,0.0,-0.5255,-0.9927,0.0,0.0
650,10,1000,1.0,3,9,0,143,245,0.4588,0.9086,0.0,0.0,0.0
780,16,1500,1.0,3,9,0,164,245,0.4588,0.9086,0.0,0.0,0.0
530,12,730,1.0,3,8,0,59,338,0.0,0.0,-0.9136,0.0,0.0
950,17,1800,1.0,3,12,3,38,338,0.0,0.0,-0.8807,0.0,0.0
490,7,100,1.0,2,10,0,48,338,0.4588,-0.9184,0.0,0.4588,0.0
620,15,900,1.0,3,11,5,28,326,0.0,-0.9451,0.0,0.0,0.0
793,12,1200,1.0,3,8,3,50,338,0.0,-0.9274,-0.8779,0.7184,-0.9136
680,18,1500,1.0,80241,7,2,48,338,0.0,0.0,0.0,0.0,0.0
1025,105,1537,168.0,2,3,0,27,16,0.0,0.0,0.0,0.0,-0.9545
895,95,1342,168.0,2,3,0,27,16,0.0,0.0,0.0,0.0,-0.9545
1080,12,0,192.0,2,4,0,89,16,0.0,-0.9823,-0.5994,0.0,0.0
917,130,1375,168.0,2,3,0,27,16,0.0,0.0,0.0,0.0,-0.9545
1050,14,0,1.0,2,4,0,55,16,0.0,-0.9761,-0.5994,0.0,0.0
1347,140,1000,168.0,4,4,0,50,16,0.0,0.0,0.0,0.0,-0.9783
800,18,1200,1.0,3,9,2,103,338,0.0,-0.855,-0.636,0.0,0.0
680,13,1200,1.0,2,9,3,48,273,0.0,0.9399,0.964,0.9974,0.8376
790,28,2000,1.0,4,10,2,45,326,0.0,-0.8395,0.0,0.0,0.0
820,20,1200,1.0,2,9,3,81,338,0.0,-0.923,-0.9869,-0.6705,-0.5994
715,14,1890,1.0,1,10,7,52,16,0.0,-0.5255,-0.9761,0.0,0.0
798,10,1590,1.0,3,11,3,56,16,0.0,-0.8271,-0.8439,0.0,0.0
900,10,1500,1.0,2,10,5,69,16,0.0,-0.8126,-0.3612,-0.5994,0.0
599,12,1200,1.0,2,11,3,95,338,0.0,-0.9948,0.0,0.0,0.0
775,13,2070,1.0,2,12,5,33,16,0.0,-0.9041,-0.9892,-0.855,0.0
940,20,1500,1.0,2,10,0,66,338,0.0,-0.923,-0.9869,-0.6705,-0.5994
720,14,1440,1.0,3,7,3,31,16,0.4588,-0.5994,-0.8316,-0.5994,-0.5994
690,17,1500,1.0,3,8,0,27,16,0.0,-0.8658,-0.7964,-0.2263,-0.8316
765,16,2040,1.0,2,10,5,52,16,0.0,-0.5255,-0.9661,0.0,0.0
765,11,1300,1.0,2,10,0,57,338,0.0,-0.9186,-0.9869,-0.1531,-0.5994
600,10,500,1.0,4,5,7,17,16,0.0,0.0,0.0,0.0,0.0
770,16,1450,1.0,2,12,4,63,338,0.0,-0.5423,0.0,0.0,0.0
780,18,780,1.0,11111,1,3,36,16,0.0,0.8126,0.0,0.0,0.0
700,16,0,1.0,82067,10,0,44,16,0.0,-0.8316,-0.8316,0.0,0.0
320,11,1000,1.0,3,8,0,73,338,0.0,-0.5374,0.636,-0.5994,0.0
1170,178,1000,168.0,2,4,0,50,16,0.0,0.0,0.0,0.0,-0.9783
930,13,0,24.0,3,4,0,63,16,0.0,-0.9823,-0.5994,0.0,0.0
1254,108,1000,168.0,2,3,0,50,16,0.0,0.0,0.0,0.0,-0.9783
900,13,0,192.0,2,4,0,70,16,0.0,-0.9761,-0.5994,0.0,0.0
1020,87,1530,168.0,4,3,0,27,16,0.0,-0.8439,0.0,0.0,-0.9545
1095,101,1642,168.0,2,3,0,27,16,0.0,-0.5994,0.0,0.0,-0.9545
910,16,1000,1.0,3,12,0,123,338,0.0,-0.8092,0.5994,-0.5994,0.0
765,18,2040,1.0,3,12,5,52,16,0.0,-0.5255,-0.9661,0.0,0.0
750,16,1500,1.0,2,9,6,46,16,0.0,0.3612,0.0,0.5994,0.2023
850,15,0,1.0,3,1,0,69,338,0.0,-0.8977,-0.5994,0.5859,-0.7263
795,11,1500,1.0,2,11,6,51,286,0.0,-0.9661,-0.9485,0.5267,-0.8439
735,10,1950,1.0,3,10,3,84,338,0.4588,-0.9309,-0.8807,0.0,0.0
375,12,945,1.0,4,8,0,97,338,0.0,0.471,-0.2732,-0.9808,-0.9769
755,11,2070,1.0,2,11,7,77,338,0.0,-0.872,-0.9524,0.9228,0.947
750,10,1350,1.0,2,9,5,56,16,0.0,-0.5994,-0.3612,-0.8316,0.0
820,16,1640,1.0,2,9,0,63,16,0.0,0.9844,0.3291,0.8541,0.7639
710,10,1875,1.0,1,12,5,52,16,0.0,-0.5255,-0.9927,0.0,0.0
655,17,515,1.0,2,1,0,41,5,0.0,-0.886,0.0,0.0,0.0
1000,17,3000,1.0,4,11,0,12,338,0.0,-0.9782,-0.9485,-0.296,0.0
750,11,1500,1.0,2,9,5,24,286,0.0,-0.9819,-0.9136,-0.8439,0.0
1200,30,2700,1.0,4,8,5,22,338,0.0,0.9749,0.0,0.0,0.0
800,10,1600,1.0,2,12,5,83,338,0.0,-0.9821,-0.9136,0.0,-0.5994
920,12,1840,1.0,4,9,4,51,338,0.4588,-0.9661,-0.8316,-0.5994,0.0
700,12,1000,1.0,4,13,2,34,338,0.0,-0.9062,0.0,0.0,0.0
835,18,1370,1.0,2,8,6,92,16,0.0,0.3612,0.0,0.0,0.0
750,14,1500,1.0,3,9,0,178,338,0.4588,0.9142,0.0,0.0,0.0
1140,9,0,192.0,2,4,0,76,16,0.0,-0.9661,-0.8439,0.0,0.0
1020,177,1530,168.0,3,3,0,27,16,0.0,0.0,0.0,0.0,-0.9545
1026,68,1539,168.0,4,3,0,27,16,0.0,0.0,0.0,0.0,-0.9545
1010,177,1515,168.0,3,3,0,27,16,0.0,0.0,0.0,0.0,-0.9545
917,130,1375,168.0,2,3,0,27,16,0.0,0.0,0.0,0.0,-0.9545
1050,15,0,24.0,2,4,0,55,16,0.0,-0.9761,-0.5994,0.0,0.0
750,13,1500,1.0,3,9,0,113,245,0.4588,0.1823,0.0,0.0,0.0
750,12,1500,1.0,3,9,0,180,245,0.4588,0.5733,0.0,0.0,0.0
920,12,1840,1.0,4,10,4,49,338,0.4588,0.8965,0.4404,0.7587,0.0
715,10,1890,1.0,1,12,5,52,5,0.0,-0.5255,-0.9864,0.0,0.0
665,16,0,1.0,4,7,3,66,16,0.0,-0.9674,-0.9136,0.0,0.0
330,20,400,1.0,4,8,2,46,245,0.0,-0.875,0.5267,-0.5994,-0.8439
330,21,1000,1.0,4,11,3,37,245,0.0,-0.5267,-0.636,-0.9778,-0.8439
1000,24,0,1.0,4,12,0,73,338,0.0,-0.8591,0.636,-0.5994,0.0
750,15,500,1.0,4,2,2,35,338,0.0,0.6901,0.4215,0.8588,0.743
650,18,1000,1.0,2,7,5,55,338,0.0,-0.9186,-0.5994,0.3382,-0.8316
725,15,1500,1.0,4,11,0,24,338,0.0,0.0,-0.5994,0.5574,0.0
950,18,1900,1.0,4,10,0,56,338,0.0,-0.9037,-0.9776,-0.9829,-0.9619
800,12,1500,1.0,3,8,5,26,338,0.0,0.7579,0.0,0.6369,-0.2023
890,17,890,1.0,81548,10,3,64,338,0.0,-0.9866,-0.5994,0.0,0.555
690,17,690,1.0,2,8,4,37,5,0.0,-0.8481,0.0,0.5574,0.0
720,10,1905,1.0,2,12,5,52,16,0.0,-0.5255,-0.9939,0.0,0.0
565,20,1500,1.0,2,9,0,72,338,0.0,-0.9184,0.0,-0.5994,-0.5994
1080,11,0,192.0,2,4,0,71,16,0.0,-0.9661,-0.9508,0.0,0.0
1195,124,1792,168.0,2,3,0,27,16,0.0,-0.636,0.0,0.0,-0.9545
975,67,1462,168.0,2,3,0,27,16,0.0,0.0,0.0,0.0,-0.9545
1160,103,1000,168.0,4,4,0,67,16,0.0,0.0,0.0,0.0,-0.9783
1080,12,0,192.0,2,4,0,89,16,0.0,-0.9823,-0.5994,0.0,0.0
1231,124,1846,168.0,2,3,0,27,16,0.0,-0.636,0.0,0.0,-0.9545
600,21,1200,1.0,4,6,0,31,338,0.0,0.0,0.5994,0.0,0.4588
770,30,700,1.0,2,7,2,28,16,0.4588,0.9378,0.0,0.0,0.0
630,14,1890,1.0,1,10,0,68,286,0.0,0.0,0.0,0.0,0.0
565,20,0,1.0,2,7,3,41,326,0.0,-0.8316,0.0,0.2732,0.6486
600,15,1000,1.0,4,1,3,39,338,0.0,-0.9467,0.0,0.0,0.0
640,16,50,1.0,82024,10,0,37,16,0.0,-0.8316,-0.5994,-0.8602,0.0
930,21,1980,1.0,3,10,6,169,338,0.0,-0.9474,-0.4738,-0.9661,-0.9508
711,16,1397,1.0,2,10,2,24,286,0.0,-0.9062,-0.8316,0.0,0.5093
395,12,300,1.0,2,2,3,26,338,0.0,0.8074,0.0,0.0,0.0
935,20,1650,1.0,3,12,2,67,16,0.0,-0.5994,-0.8807,0.6166,0.0
850,24,1700,1.0,2,10,0,52,16,0.0,0.5994,0.5994,0.0,0.0
950,18,2000,1.0,3,5,0,56,338,0.0,0.5922,0.9402,0.0,0.0
800,14,1600,1.0,4,3,2,61,16,0.4588,0.3182,0.0,0.0,0.0
970,16,1940,1.0,4,4,2,47,16,0.0,-0.25,-0.5052,0.0,-0.8481
640,16,1920,1.0,1,10,0,64,245,0.0,-0.5423,0.0,0.0,0.0
790,16,2000,1.0,2,11,3,67,338,0.0,-0.9935,-0.9761,0.0,-0.5994
450,15,890,1.0,1,1,3,38,16,0.0,-0.9633,-0.9136,-0.636,0.0
600,13,1755,1.0,2,4,3,52,16,0.0,-0.8622,-0.9485,0.0,-0.3612
1245,0,1867,168.0,2,3,0,27,16,0.0,-0.9184,0.0,0.0,-0.9545
1110,21,0,24.0,3,4,0,63,16,0.0,-0.9761,-0.5994,0.0,0.0
1045,83,1567,168.0,2,3,0,27,16,0.0,0.0,0.0,0.0,-0.9545
870,12,0,1.0,4,4,0,77,16,0.0,-0.9823,-0.5994,0.0,0.0
1270,0,1000,168.0,4,4,0,67,16,0.0,0.0,0.0,0.0,-0.9783
1088,89,1632,168.0,2,3,0,27,16,0.0,-0.9184,0.0,0.0,-0.9545
600,12,1755,1.0,2,8,2,41,326,0.4588,-0.5994,-0.5994,0.0,-0.3612
790,35,1580,1.0,82347,12,5,93,338,0.0,-0.9814,-0.7243,0.5859,-0.6688
610,17,1270,1.0,4,6,0,38,338,0.0,-0.8316,-0.5994,-0.5994,0.0
600,14,1755,1.0,82061,7,0,36,338,0.0,0.0,-0.5994,0.0,-0.3612
600,12,1755,1.0,2,7,0,42,338,0.0,-0.9184,-0.9485,0.0,-0.3612
900,15,900,1.0,2,11,0,39,5,0.0,-0.5994,0.0,-0.5994,0.0
785,10,2000,1.0,2,12,0,159,338,0.0,-0.9779,0.0,-0.5826,0.9901
750,13,400,1.0,3,8,0,38,338,0.0,-0.9312,0.0,0.0,0.0
578,17,632,1.0,2,6,3,71,16,0.0,-0.9451,-0.7263,-0.9136,0.0
350,14,1050,1.0,2,9,0,76,245,0.0,-0.9618,-0.9485,-0.5994,-0.9184
850,12,1500,1.0,4,9,4,53,16,0.0,-0.9779,0.0,-0.5994,-0.9508
875,12,1500,1.0,2,10,5,69,16,0.0,-0.8126,-0.3612,-0.5994,0.0
935,13,1500,1.0,4,11,4,20,16,0.4588,-0.9739,0.0,-0.5994,-0.855
850,12,1500,1.0,3,11,4,40,16,0.4588,-0.9841,0.0,-0.5994,-0.9184
825,14,1500,1.0,4,10,6,46,16,0.4588,-0.9841,0.0,-0.5994,-0.8439
650,18,1000,1.0,2,3,3,42,338,0.4588,0.7717,0.0,0.0,0.0
800,22,1600,1.0,2,10,4,51,338,0.0,-0.8126,0.0,0.0,0.0
650,16,200,1.0,2,12,3,28,16,0.0,0.0,-0.5994,0.0,0.0
800,22,2400,1.0,3,11,2,60,338,0.0,-0.1119,-0.5994,-0.3182,0.0
1080,11,0,192.0,2,4,0,71,16,0.0,-0.9661,-0.9508,0.0,0.0
1050,16,0,24.0,3,4,0,63,16,0.0,-0.9823,-0.5994,0.0,0.0
1095,105,1642,168.0,2,3,0,27,16,0.0,-0.5994,0.0,0.0,-0.9545
1050,89,1575,168.0,2,3,0,27,16,0.0,-0.9184,0.0,0.0,-0.9545
1320,144,1980,168.0,2,3,0,27,16,0.0,-0.5994,0.0,0.0,-0.9545
1285,0,1927,168.0,2,3,0,27,16,0.0,-0.9184,0.0,0.0,-0.9545
840,22,2000,1.0,4,10,3,41,338,0.0,-0.7357,-0.2263,0.25,0.5093
880,22,2340,1.0,2,12,3,67,338,0.0,0.4003,0.0,0.0,0.0
825,12,1500,1.0,3,10,4,55,16,0.4588,-0.9795,0.0,-0.5994,-0.9184
480,15,760,1.0,85646,9,0,41,326,0.0,-0.5994,-0.5994,0.5267,-0.5994
989,40,1000,1.0,2,12,0,39,338,0.4588,-0.9451,0.0,-0.5994,0.0
900,10,1500,1.0,2,9,6,86,16,0.0,-0.8316,-0.8316,-0.5994,0.0
825,10,1500,1.0,2,10,5,81,16,0.0,-0.5994,-0.9896,-0.5994,0.0
800,10,1500,1.0,4,10,5,73,16,0.0,-0.5994,-0.9761,-0.8316,0.0
700,13,300,1.0,3,10,0,67,16,0.0,-0.9451,0.0,0.0,0.0
1000,17,2000,1.0,3,8,3,42,16,0.0,-0.1779,-0.9508,-0.636,-0.8316
307,20,400,1.0,4,9,0,34,245,0.0,-0.8715,-0.9184,-0.9661,-0.5994
925,13,1500,1.0,2,12,5,130,338,0.0,-0.9039,-0.8439,-0.9619,0.0
749,35,0,1.0,4,6,0,52,16,0.0,0.9431,0.0,0.0,0.0
749,35,0,1.0,4,6,3,52,16,0.0,0.9431,0.0,0.0,0.0
650,13,1300,1.0,4,11,3,59,16,0.0,0.0,-0.8316,0.0,0.0
400,18,0,1.0,4,7,2,84,286,0.0,0.0,-0.5994,-0.8316,0.4588
630,15,1260,1.0,4,13,0,54,16,0.4588,-0.9623,-0.9652,0.9844,-0.2525
1231,124,1846,168.0,2,3,0,27,16,0.0,-0.636,0.0,0.0,-0.9545
930,17,0,24.0,3,4,0,59,16,0.0,-0.9761,-0.5994,0.0,0.0
965,83,1447,168.0,2,3,0,27,16,0.0,0.0,0.0,0.0,-0.9545
1170,22,0,24.0,2,4,0,68,16,0.0,-0.9769,-0.5994,0.0,0.0
1035,18,1552,1.0,4,2,0,38,16,0.0,0.1697,0.9853,0.0,0.3094
950,22,1980,1.0,2,2,0,27,16,0.0,0.1697,-0.8316,0.0,0.3094
970,20,1455,1.0,4,2,0,38,16,0.0,0.1697,0.9853,0.0,0.3094
900,17,1980,1.0,2,2,0,27,16,0.0,0.1697,-0.8316,0.0,0.3094
850,15,1700,1.0,4,2,0,24,16,0.0,0.1697,-0.8316,0.0,0.3094
800,12,1760,1.0,2,2,0,27,16,0.0,0.1697,-0.8316,0.0,0.3094
795,15,1580,1.0,3,2,0,23,16,0.0,0.1697,-0.8316,0.0,0.3094
790,14,1580,1.0,2,2,0,28,16,0.0,0.1697,-0.8316,0.0,0.3094
750,13,1590,1.0,1,2,0,20,16,0.0,0.1697,-0.8316,0.0,0.3094
699,12,1590,1.0,3,2,0,23,16,0.0,0.1697,-0.8316,0.0,0.3094
699,10,1498,1.0,3,2,0,24,16,0.0,0.1697,-0.8316,0.0,0.3094
1020,19,2000,1.0,4,12,0,110,338,0.0,0.1739,0.1027,0.9517,0.8618
865,17,2400,1.0,4,10,6,84,16,0.4588,-0.9758,-0.9846,0.0,-0.9136
804,15,0,1.0,2,10,5,32,245,0.0,-0.636,0.2263,-0.8777,0.0
740,12,300,1.0,1,12,3,11,338,0.0,0.0,0.0,-0.8126,0.0
890,22,1500,1.0,2,11,0,51,338,0.0,-0.7003,-0.8979,0.5904,0.4588
250,20,500,1.0,4,11,4,82,245,0.0,-0.9349,0.0,-0.636,-0.8439
800,16,1000,1.0,2,8,3,32,286,0.4588,-0.5994,-0.5994,0.0,0.9524
800,12,1600,1.0,2,12,5,85,338,0.0,-0.9892,-0.9136,0.0,-0.5994
1050,15,0,24.0,2,4,0,68,16,0.0,-0.9769,-0.5994,0.0,0.0
965,83,1447,168.0,2,3,0,27,16,0.0,0.0,0.0,0.0,-0.9545
1095,105,1642,168.0,2,3,0,27,16,0.0,-0.5994,0.0,0.0,-0.9545
1160,0,1000,168.0,4,4,0,67,16,0.0,0.0,0.0,0.0,-0.9783
840,11,0,24.0,2,4,0,70,16,0.0,-0.9761,-0.5994,0.0,0.0
1170,163,1755,168.0,2,3,0,27,16,0.0,-0.9184,0.0,0.0,-0.9545
640,15,1350,1.0,2,10,0,52,245,0.0,0.9936,-0.296,0.0,0.0
950,21,1900,1.0,2,12,5,154,338,0.0,-0.9892,-0.9136,0.0,-0.5994
690,12,1400,1.0,2,9,0,55,338,0.0,-0.8439,-0.9217,-0.8316,0.75
880,11,2190,1.0,2,11,7,143,338,0.0,-0.9485,-0.5994,0.0,0.0
850,18,800,1.0,2,12,6,46,338,0.4588,0.5499,0.0,0.9729,0.9296
880,25,1780,1.0,1,11,5,88,338,0.0,-0.9947,0.0,0.0,-0.5994
850,16,1500,1.0,2,11,4,34,338,0.4588,0.296,-0.8979,0.0,0.6124
1050,25,2880,1.0,2,9,0,26,338,0.0,-0.88,-0.5994,0.0,0.0
695,12,0,1.0,1,3,2,32,16,0.0,-0.5994,0.0,0.0,0.0
1450,30,4350,1.0,4,10,0,76,338,0.0,-0.8591,-0.8316,-0.743,-0.9719
700,8,0,1.0,2,4,3,47,338,0.0,-0.0258,0.0,0.0,0.0
820,13,2340,1.0,3,5,3,30,16,0.0,-0.6705,-0.128,0.8436,0.7184
889,20,889,1.0,1,10,0,50,245,0.0,-0.992,0.0,0.0,0.0
680,20,1350,1.0,83623,10,0,56,16,0.0,-0.9887,-0.9312,-0.9726,0.4588
897,14,2463,1.0,4,13,4,90,274,0.4588,-0.9713,-0.7088,0.0,-0.8316
570,35,0,1.0,12345,9,0,45,16,0.0,-0.7906,0.0,0.0,0.0
500,27,0,1.0,12345,10,0,85,338,0.0,0.0,0.0,0.0,0.0
1140,9,0,192.0,2,4,0,76,16,0.0,-0.9661,-0.8439,0.0,0.0
1010,177,1515,168.0,3,3,0,27,16,0.0,0.0,0.0,0.0,-0.9545
1160,103,1000,168.0,4,4,0,67,16,0.0,0.0,0.0,0.0,-0.9783
1160,0,1000,168.0,4,4,0,67,16,0.0,0.0,0.0,0.0,-0.9783
1064,92,1596,168.0,2,3,0,27,16,0.0,-0.5994,0.0,0.0,-0.9545
960,14,0,24.0,4,4,0,73,16,0.0,-0.9828,-0.5994,0.0,0.0
870,20,1000,1.0,3,10,5,55,338,0.0,0.5267,0.0,-0.9136,0.0
880,14,1800,1.0,4,11,0,19,338,0.0,0.2263,-0.5994,-0.9661,-0.9229
890,15,1400,1.0,2,11,5,19,16,0.0,-0.5423,-0.9661,0.0,0.0
500,13,500,1.0,3,12,0,19,274,0.0,-0.8126,-0.5994,0.0,-0.8126
550,18,1100,1.0,85375,9,0,75,286,0.0,-0.9196,0.0,0.0,0.0
300,12,150,1.0,3,10,0,51,245,0.0,-0.9854,-0.9136,-0.4215,-0.9721
890,22,2000,1.0,1,11,8,62,16,0.4588,-0.1531,0.0,0.0,0.0
680,14,0,1.0,2,1,3,51,16,0.0,0.4588,0.0,0.0,0.0
490,14,490,1.0,2,10,0,69,338,0.0,-0.978,0.5994,-0.5423,-0.5994
476,14,500,1.0,3,8,0,53,245,0.0,-0.7717,-0.9485,-0.8316,0.0
780,14,500,1.0,2,11,2,31,338,0.0,-0.2263,-0.9661,0.4588,-0.9648
650,16,0,1.0,3,10,0,30,338,0.0,-0.8126,0.4019,-0.8316,0.0
544,11,1158,1.0,1,10,3,40,286,0.0,-0.9186,-0.5994,0.0,-0.765
850,14,2000,1.0,3,4,3,38,338,0.0,-0.9062,-0.8316,-0.8316,-0.3818
730,21,850,1.0,4,8,3,35,338,0.0,0.4404,-0.5994,-0.9357,0.0
800,14,300,1.0,3,9,0,25,16,0.0,-0.5994,0.0,0.0,0.0
910,12,1500,1.0,3,12,3,80,16,0.0,-0.9509,-0.9485,-0.4215,-0.8658
544,11,1158,1.0,1,7,3,41,338,0.0,-0.9186,-0.5994,0.0,-0.765
960,14,0,168.0,2,4,0,70,16,0.0,-0.9761,-0.5994,0.0,0.0
922,68,1383,168.0,4,3,0,27,16,0.0,0.0,0.0,0.0,-0.9545
1041,89,1561,168.0,2,3,0,27,16,0.0,-0.9184,0.0,0.0,-0.9545
1120,92,1680,168.0,2,3,0,27,16,0.0,-0.5994,0.0,0.0,-0.9545
1200,80,1800,168.0,2,3,0,27,16,0.0,-0.9184,0.0,0.0,-0.9545
1200,16,0,168.0,2,4,0,71,16,0.0,-0.9661,-0.9508,0.0,0.0
480,15,480,1.0,83527,12,2,45,338,0.0,-0.959,0.0,-0.9382,0.0
700,15,2163,1.0,2,11,3,42,338,0.0,-0.9595,-0.9761,-0.5994,-0.6688
835,22,0,1.0,4,6,3,90,286,0.0,0.34,-0.8748,-0.7263,0.0
310,20,500,1.0,4,7,0,32,233,0.0,-0.9854,-0.9823,-0.8316,-0.9661
700,15,700,1.0,3,10,2,82,16,0.4588,-0.2263,0.2382,0.0,0.9158
770,11,1788,1.0,4,9,2,29,286,0.4588,0.7964,0.5994,0.5499,0.9107
990,25,0,1.0,4,13,2,91,338,0.4588,0.9936,0.0,0.0,0.0
820,14,1890,1.0,82152,11,2,51,338,0.0,0.0,-0.5994,0.0,-0.9643
350,22,1000,1.0,4,11,4,34,245,0.0,-0.9509,-0.9661,-0.9136,-0.7044
750,11,1950,1.0,3,11,6,48,5,0.0,-0.9153,-0.9485,0.0,0.0
670,13,1500,1.0,1,12,3,45,286,0.0,-0.5994,0.0,-0.2263,-0.5994
1300,20,2700,1.0,4,1,7,41,16,0.0,0.0,-0.5994,0.0,-0.8316
770,10,2100,1.0,2,11,7,50,338,0.4588,-0.6249,-0.1316,0.9228,0.9444
150,17,0,1.0,3,2,3,42,16,0.0,0.4588,0.0,0.0,0.0
1190,22,1050,1.0,5,7,4,62,16,0.0,-0.5994,-0.5994,-0.9485,-0.8316
650,15,1500,1.0,2,11,0,52,5,0.4588,-0.5994,-0.8316,-0.5423,-0.5994
920,18,0,1.0,4,2,3,32,338,0.0,-0.9246,0.4588,0.8268,0.0
740,15,1900,1.0,2,9,3,79,338,0.0,-0.9348,-0.9475,-0.9817,0.0
1190,20,1050,1.0,5,7,4,62,16,0.0,-0.5994,-0.5994,-0.9485,-0.8316
700,20,1200,1.0,4,5,4,24,286,0.0,-0.8126,-0.8316,-0.2263,0.4588
1220,106,1830,168.0,2,3,0,27,16,0.0,-0.5994,0.0,0.0,-0.9545
1169,163,1753,168.0,2,3,0,27,16,0.0,-0.9184,0.0,0.0,-0.9545
930,13,0,24.0,3,4,0,63,16,0.0,-0.9823,-0.5994,0.0,0.0
900,13,0,192.0,2,4,0,70,16,0.0,-0.9761,-0.5994,0.0,0.0
1150,75,1725,168.0,2,3,0,27,16,0.0,-0.5994,0.0,0.0,-0.9545
800,40,0,1.0,83646,13,3,222,338,0.0,-0.89,-0.128,-0.7319,0.0
790,17,0,1.0,4,11,0,23,338,0.0,-0.8519,-0.9485,-0.2263,0.4588
750,11,1300,1.0,1,8,0,41,338,0.4588,-0.9769,-0.8316,-0.2263,0.0
610,12,1500,1.0,3,2,3,30,16,0.0,-0.4404,-0.5994,0.9577,0.0
880,22,1500,1.0,2,8,0,55,325,0.4588,-0.9184,0.0,-0.2263,0.0
929,16,2418,1.0,3,10,0,63,245,0.0,-0.9978,0.0,0.0,0.0
750,20,1400,1.0,2,8,2,65,338,0.4588,-0.8316,-0.8316,0.5994,-0.3818
275,14,525,1.0,2,9,0,83,245,0.0,0.0,-0.9702,0.0,0.0
790,11,1580,1.0,2,9,0,25,16,0.4588,-0.6908,-0.9638,0.0,0.0
790,12,1580,1.0,2,9,0,33,16,0.4588,-0.6908,-0.9638,0.0,0.0
730,20,700,1.0,4,11,3,62,338,0.0,-0.8316,-0.5994,0.0,-0.8126
750,16,0,1.0,1,9,2,24,286,0.0,0.0,-0.5994,0.6114,-0.8126
360,16,550,1.0,4,9,0,30,245,0.0,-0.9538,-0.5994,-0.9184,0.636
230,14,550,1.0,5,10,0,36,245,0.0,-0.9652,-0.9485,-0.9184,0.636
900,16,0,1.0,3,7,3,74,16,0.0,0.9937,0.0,0.0,0.0
790,12,990,1.0,2,10,2,44,286,0.0,-0.9647,0.0,0.0,0.0
895,14,1500,1.0,3,8,3,107,16,0.4588,-0.9396,-0.7003,0.6239,0.7783
890,8,2670,1.0,4,7,3,30,245,0.0,0.8246,-0.4215,-0.0516,0.0
610,12,1530,1.0,4,8,3,64,286,0.0,-0.9823,-0.9661,-0.8316,0.0
870,18,0,24.0,2,4,0,70,16,0.0,-0.9761,-0.5994,0.0,0.0
1150,108,1000,168.0,2,3,0,50,16,0.0,0.0,0.0,0.0,-0.9783
1160,103,1000,168.0,4,4,0,67,16,0.0,0.0,0.0,0.0,-0.9783
770,87,1155,168.0,4,3,0,27,16,0.0,0.0,0.0,0.0,-0.9545
870,20,0,24.0,4,4,0,62,16,0.0,-0.9761,-0.5994,0.0,0.0
1064,92,1596,168.0,2,3,0,27,16,0.0,-0.5994,0.0,0.0,-0.9545
775,15,2070,1.0,1,11,5,52,16,0.0,-0.5255,-0.9955,0.0,0.0
750,10,1000,1.0,4,8,5,78,338,0.0,0.0,-0.9184,0.3382,0.5093
710,17,1400,1.0,3,12,5,35,338,0.0,-0.9643,-0.9485,0.0,-0.9136
710,10,1875,24.0,2,11,3,52,16,0.0,-0.5255,-0.9864,0.0,0.0
1150,21,1020,24.0,5,7,4,62,16,0.0,-0.5994,-0.5994,-0.5994,-0.8316
750,18,1400,24.0,2,12,5,51,16,0.0,-0.8885,-0.7906,-0.8316,0.0
390,12,1050,24.0,4,4,6,40,16,0.0,0.0,0.0,0.0,0.0
745,13,1980,1.0,2,12,5,52,16,0.0,-0.5255,-0.9955,0.0,0.0
900,10,1500,24.0,3,10,3,48,16,0.4588,-0.7506,-0.743,-0.8885,-0.5994
950,20,1400,24.0,2,10,4,48,338,0.0,-0.9117,0.0,0.0,0.0
845,15,2235,24.0,2,10,3,35,338,0.0,0.0,0.0,-0.9117,0.0
800,15,1800,24.0,3,6,7,44,274,0.0,-0.8126,0.0,0.0,0.0
690,11,1200,24.0,1,10,0,55,338,0.0,0.8591,0.0,0.4939,0.0
850,30,2500,24.0,2,11,2,40,16,0.0,-0.9246,-0.128,-0.9451,0.0
600,9,500,24.0,85435,8,0,44,286,0.0,-0.9669,0.0,-0.8316,0.0
790,16,1580,24.0,4,8,2,20,338,0.0,-0.8316,-0.9136,0.0,0.0
700,12,700,24.0,2,13,2,70,338,0.4588,-0.9657,-0.5994,-0.9136,-0.7003
750,15,900,24.0,2,11,7,51,286,0.0,-0.9643,0.0,0.0,-0.636
575,16,300,24.0,2,3,0,36,5,0.0,0.0,-0.5994,0.1531,0.0
895,28,1000,24.0,2,11,7,45,286,0.0,-0.9643,0.0,0.0,0.0
1245,0,1867,168.0,2,3,0,27,16,0.0,-0.9184,0.0,0.0,-0.9545
917,130,1375,168.0,2,3,0,27,16,0.0,0.0,0.0,0.0,-0.9545
945,94,1417,168.0,2,3,0,27,16,0.0,0.0,0.0,0.0,-0.9545
960,14,0,24.0,4,4,0,73,16,0.0,-0.9828,-0.5994,0.0,0.0
1320,144,1980,168.0,2,3,0,27,16,0.0,-0.5994,0.0,0.0,-0.9545
1140,13,0,24.0,4,4,0,71,16,0.0,-0.9761,-0.5994,0.0,0.0
885,14,1500,24.0,3,13,5,131,16,0.4588,-0.9396,-0.7003,0.6239,0.7783
680,12,1120,24.0,3,3,4,40,286,0.0,0.9718,0.6486,0.9566,0.0
700,22,0,24.0,3,11,0,60,338,0.0,0.0772,0.0,0.0,0.0
700,17,1000,24.0,3,2,3,72,338,0.0,0.8885,0.4404,0.9823,0.1779
1100,20,1750,24.0,82057,11,3,53,338,0.0,-0.9618,0.0,0.0,0.0
800,20,1600,24.0,4,10,0,67,16,0.0,-0.6808,-0.8316,-0.8316,-0.5994
800,20,1600,24.0,4,10,0,40,16,0.0,-0.6808,-0.8316,-0.8316,-0.5994
830,20,1500,24.0,2,10,7,32,245,0.0,0.9962,0.9578,0.9978,0.9873
420,12,0,24.0,2,3,2,19,286,0.0,0.0,0.0,0.0,0.0
690,19,1200,24.0,4,11,0,125,245,0.0,-0.8439,-0.8316,-0.8885,0.8716
700,16,700,24.0,1,3,3,50,16,0.0,-0.5994,0.0,0.0,0.0
700,16,700,24.0,1,14,3,55,245,0.0,-0.5994,0.0,0.0,0.0
680,10,0,24.0,3,9,0,36,338,0.0,-0.9761,-0.8316,0.4019,0.0
475,10,1050,24.0,3,11,5,121,338,0.0,-0.9451,-0.9485,0.3182,0.0
750,13,500,24.0,2,10,6,21,338,0.4588,0.9168,0.1513,0.8689,0.0
290,19,550,24.0,3,12,0,38,245,0.0,-0.636,0.0,-0.636,0.0
290,19,550,24.0,3,11,0,19,245,0.0,-0.7644,0.0,0.0,0.0
815,16,1460,1.0,2,11,6,63,16,0.4588,-0.9661,-0.9485,-0.8672,-0.8979
855,20,1540,1.0,2,11,6,50,16,0.4588,-0.9661,-0.9485,-0.8672,-0.8979
600,10,1000,24.0,2,9,5,22,16,0.0,0.0,0.0,0.0,0.0
930,17,0,24.0,3,4,0,59,16,0.0,-0.9761,-0.5994,0.0,0.0
1245,90,1867,168.0,2,3,0,27,16,0.0,-0.8316,0.0,0.0,-0.9545
1325,0,1000,168.0,4,4,0,67,16,0.0,0.0,0.0,0.0,-0.9783
1088,68,1632,168.0,3,3,0,27,16,0.0,-0.8316,0.0,0.0,-0.9545
918,148,1377,168.0,2,3,0,27,16,0.0,0.0,0.0,0.0,-0.9545
831,25,1980,24.0,2,11,6,24,16,0.0,-0.9823,-0.5994,0.0,-0.5994
630,10,1470,24.0,1,4,4,43,286,0.0,0.6705,0.0,0.0,0.0
800,10,800,24.0,2,9,3,18,338,0.0,-0.5994,-0.5994,0.0,0.0
500,15,0,24.0,3,13,3,31,5,0.0,-0.7088,0.0,0.0,0.0
650,12,500,24.0,82008,4,5,84,16,0.0,-0.9476,0.0,0.0,0.0
750,26,750,24.0,85540,10,6,77,338,0.0,-0.9928,0.0,0.0,0.0
620,15,1500,24.0,4,8,4,45,338,0.4588,-0.8316,-0.5994,0.0,0.0
715,12,1300,1.0,2,3,5,26,338,0.0,0.7215,0.0,0.0,0.0
850,64,0,24.0,3,10,2,59,5,0.0,0.8832,0.1027,0.0,0.0
600,13,0,24.0,2,6,0,28,338,0.0,0.0,0.0,-0.957,0.0
495,16,1000,24.0,3,8,0,46,338,0.0,-0.5994,0.2732,-0.8316,-0.8591
750,16,1000,24.0,4,14,0,39,338,0.0,-0.9112,-0.7845,0.0,0.0
840,29,2000,24.0,2,10,4,38,274,0.0,-0.855,0.0,0.0,0.0
665,13,1570,24.0,2,6,3,28,286,0.0,-0.5423,-0.5994,-0.2263,-0.7003
655,18,1250,24.0,4,10,0,41,286,0.0,-0.8591,-0.5994,-0.5242,-0.2942
430,13,2000,24.0,2,10,4,31,274,0.0,-0.8439,0.0,0.0,0.0
850,20,1500,24.0,3,10,3,29,286,0.0,0.0,-0.5994,0.0,0.0
450,15,0,24.0,2,4,4,40,5,0.0,-0.5423,0.0,0.0,-0.7568
640,11,0,24.0,0,0,0,53,16,0.0,-0.9287,0.0,0.0,0.0
950,30,950,24.0,2,9,0,52,16,0.4588,-0.9522,0.0,0.0,0.0
1050,16,0,24.0,3,4,0,63,16,0.0,-0.9823,-0.5994,0.0,0.0
1095,0,1500,168.0,2,3,0,33,16,0.0,0.0,0.0,0.0,0.0
1160,103,1000,168.0,4,4,0,67,16,0.0,0.0,0.0,0.0,-0.9783
920,145,1380,168.0,2,3,0,27,16,0.0,0.0,0.0,0.0,-0.9545
896,95,1344,168.0,2,3,0,27,16,0.0,0.0,0.0,0.0,-0.9545
990,15,0,24.0,2,4,0,95,16,0.0,-0.9661,-0.8439,0.0,0.0
850,10,0,24.0,2,5,7,66,325,0.4588,0.3384,0.0,-0.1943,0.0
790,33,1200,24.0,2,10,3,92,338,0.0,-0.9623,-0.6486,-0.9403,0.4588
400,25,800,24.0,2,12,0,16,338,0.0,-0.5994,0.0,0.0,0.0
890,15,1900,24.0,3,12,5,55,338,0.0,-0.5994,-0.7579,-0.7269,-0.7579
450,11,400,24.0,2,8,3,59,338,0.0,0.7326,0.4019,0.7096,0.0
550,17,800,24.0,2,4,3,33,16,0.0,-0.8316,0.0,0.0,0.0
810,13,0,24.0,3,10,5,125,16,0.0,0.0,0.0,0.0,0.0
900,12,1000,24.0,3,11,0,40,338,0.0,0.91,0.4404,0.872,0.7579
1,12,0,24.0,4,12,0,43,16,0.4588,-0.0772,0.0,0.6249,-0.3818
790,18,1000,24.0,4,0,0,65,16,0.0,-0.8126,0.0,0.0,0.0
650,16,1300,24.0,2,13,4,34,16,0.0,0.0,0.0,0.0,0.0
650,13,650,24.0,3,11,3,32,338,0.0,0.9403,-0.5423,0.9367,0.8589
940,16,1500,24.0,4,7,0,29,16,0.4588,0.9483,-0.8519,-0.8316,-0.7539
1890,40,2000,24.0,3,12,6,75,338,0.4588,-0.9926,-0.9485,-0.9412,-0.6688
530,10,900,24.0,2,12,0,25,338,0.0,-0.9674,-0.5994,-0.8934,-0.5994
875,15,2000,24.0,4,9,5,57,338,0.0,-0.6808,-0.8316,0.0,0.0
500,14,1180,24.0,2,8,0,54,338,0.0,-0.3818,-0.5994,-0.5994,0.0
800,14,500,24.0,2,8,6,34,286,0.0,-0.9062,-0.8316,-0.5994,0.2023
1220,108,1830,168.0,2,3,0,27,16,0.0,-0.636,0.0,0.0,-0.9545
1270,0,1000,168.0,4,4,0,67,16,0.0,0.0,0.0,0.0,-0.9783
1325,0,1000,168.0,4,4,0,67,16,0.0,0.0,0.0,0.0,-0.9783
1200,80,1800,168.0,2,3,0,27,16,0.0,-0.9184,0.0,0.0,-0.9545
960,14,0,24.0,4,4,0,73,16,0.0,-0.9828,-0.5994,0.0,0.0
665,20,1200,24.0,1,11,0,41,338,0.0,-0.9569,0.0,0.0,0.0
750,20,1750,24.0,2,7,0,70,286,0.0,-0.6652,0.0,0.0,0.0
850,12,2000,24.0,4,11,2,28,16,0.0,0.991,0.5423,0.0,0.0
850,11,1800,24.0,2,5,8,21,16,0.0,0.0,-0.6808,0.0,0.0
620,14,500,24.0,2,6,4,39,338,0.0,-0.7712,0.0,0.0,0.0
680,14,1500,24.0,1,10,0,43,16,0.0,-0.9451,-0.8519,-0.5994,0.0
650,11,1300,24.0,1,11,7,137,16,0.4588,-0.636,-0.5994,-0.9136,-0.6688
800,13,1700,24.0,4,3,4,33,338,0.0,-0.9595,0.0,0.8578,-0.5994
625,13,1250,24.0,2,7,3,53,338,0.0,-0.8316,0.0,0.0,0.0
600,20,700,24.0,3,9,0,55,338,0.0,0.9758,0.0,0.0,0.0
690,15,1770,24.0,2,6,3,35,286,0.0,-0.9643,-0.5994,0.0,0.0
730,14,1000,24.0,82067,12,3,54,286,0.0,0.126,0.0,0.0,0.0
850,14,1700,24.0,2,11,0,89,16,0.0,-0.9485,-0.8316,0.0,0.0
830,17,730,24.0,4,12,3,107,325,0.0,-0.9747,-0.9136,-0.9382,0.0
650,18,650,24.0,82024,12,0,32,286,0.0,0.0,-0.9136,-0.5994,0.0
1000,23,0,24.0,3,5,4,21,286,0.0,0.0,0.0,0.0,0.0
1200,15,2500,24.0,4,3,3,22,16,0.0,0.5719,0.0,0.0,0.0
1150,23,0,24.0,4,2,3,46,286,0.0,-0.5106,0.0,0.0,0.1027
900,10,0,192.0,2,4,0,58,16,0.0,-0.9864,-0.5994,0.0,0.0
975,68,1462,168.0,3,3,0,27,16,0.0,0.0,0.0,0.0,-0.9545
1245,0,1867,168.0,2,3,0,27,16,0.0,-0.9184,0.0,0.0,-0.9545
1050,16,0,24.0,3,4,0,63,16,0.0,-0.9823,-0.5994,0.0,0.0
1160,0,1000,168.0,4,4,0,67,16,0.0,0.0,0.0,0.0,-0.9783
1347,140,1000,168.0,4,4,0,50,16,0.0,0.0,0.0,0.0,-0.9783
850,17,1500,24.0,3,6,0,48,338,0.0,-0.9509,-0.9136,0.0,0.0
650,18,650,24.0,2,13,0,93,5,0.0,-0.9451,-0.5994,0.0,0.0
710,20,1200,24.0,2,3,0,22,338,0.0,-0.9578,-0.8316,0.0,0.0
670,14,2000,24.0,2,3,3,20,338,0.0,-0.5994,-0.8316,0.0,0.0
990,22,1980,24.0,4,9,5,53,338,0.0,-0.636,-0.8748,-0.2942,0.4199
900,18,2000,24.0,4,11,0,74,286,0.0,-0.9286,0.0,0.0,0.0
980,16,0,24.0,2,9,0,50,16,0.0,-0.8591,-0.9184,-0.5994,-0.836
1350,15,2500,24.0,2,10,3,39,338,0.0,-0.9485,0.0,0.0,0.0
875,11,1500,24.0,2,1,3,19,16,0.0,0.0,0.0,0.0,0.0
966,15,2250,24.0,4,4,2,42,338,0.0,0.9759,0.0,0.0,0.0
560,12,1200,24.0,2,5,3,55,338,0.0,0.0,0.0,0.0,0.0
695,14,1950,24.0,2,6,3,96,338,0.0,-0.9864,0.0,0.0,0.0
840,16,2000,24.0,3,3,4,43,16,0.0,0.0,-0.8316,0.0,-0.5994
800,15,400,24.0,2,10,0,20,338,0.0,0.0,-0.9864,-0.5994,-0.5994
867,17,1494,24.0,4,12,2,61,16,0.4588,-0.9485,0.7501,0.7479,-0.886
650,12,1300,24.0,4,7,6,239,286,0.0,-0.636,0.0,-0.855,-0.636
850,18,0,24.0,2,7,3,62,16,0.0,-0.8591,-0.8316,-0.5994,-0.5994
485,12,1250,24.0,4,7,3,25,338,0.0,-0.9893,0.0,0.0,0.0
800,10,200,24.0,3,10,4,28,16,0.0,-0.9184,-0.5994,-0.636,0.0
1200,80,1800,168.0,2,3,0,27,16,0.0,-0.9184,0.0,0.0,-0.9545
1026,68,1539,168.0,4,3,0,27,16,0.0,0.0,0.0,0.0,-0.9545
1020,12,0,144.0,2,4,0,109,16,0.0,-0.9823,-0.5994,0.0,0.0
1160,0,1000,168.0,4,4,0,67,16,0.0,0.0,0.0,0.0,-0.9783
1220,106,1830,168.0,2,3,0,27,16,0.0,-0.5994,0.0,0.0,-0.9545
990,20,0,24.0,4,4,0,62,16,0.0,-0.9761,-0.5994,0.0,0.0
560,12,1200,24.0,4,6,3,54,338,0.0,-0.9785,-0.9661,0.8172,0.0
1000,25,0,24.0,2,8,3,46,16,0.0,-0.8126,0.0,0.0,0.0
900,18,1500,24.0,4,9,4,32,286,0.4588,0.9655,0.6808,0.9972,0.0
690,10,0,24.0,2,9,4,38,245,0.0,-0.9769,-0.8316,-0.8316,0.0
1050,14,2800,24.0,2,10,3,42,16,0.0,-0.7263,-0.9508,0.0,-0.9705
550,11,1125,24.0,4,11,0,46,16,0.0,-0.807,-0.9413,-0.2263,-0.8316
600,14,600,24.0,3,9,3,36,16,0.0,-0.8658,-0.8316,0.6369,0.0
1250,35,1500,24.0,2,9,3,52,338,0.0,0.0,-0.5994,-0.765,0.0
669,14,1000,24.0,2,1,0,52,5,0.0,0.5922,0.4215,0.1779,0.0
650,13,500,24.0,2,12,3,60,16,0.0,-0.128,0.0,0.0,0.0
835,18,1000,24.0,4,10,5,57,245,0.0,-0.9136,-0.9201,0.0,-0.5994
470,8,0,24.0,2,5,0,53,286,0.0,-0.9117,-0.8439,-0.8439,-0.636
850,15,1125,24.0,3,9,4,46,286,0.0,-0.5848,-0.636,0.5526,0.0
623,12,1200,24.0,2,10,0,39,338,0.0,-0.8647,0.0,0.0,0.0
480,14,480,24.0,2,11,0,50,5,0.0,-0.9117,-0.9136,0.0,0.0
297,12,250,24.0,4,4,4,53,286,0.0,0.0,0.0,0.9954,0.6476
825,16,800,24.0,4,12,3,33,338,0.0,0.0,0.0,0.0,0.0
780,15,0,24.0,4,7,0,44,16,0.0,-0.9136,-0.8934,-0.2263,-0.784
503,17,500,24.0,3,6,0,30,16,0.0,-0.9538,-0.9136,0.0,0.0
918,148,1377,168.0,2,3,0,27,16,0.0,0.0,0.0,0.0,-0.9545
1050,16,0,24.0,3,4,0,63,16,0.0,-0.9823,-0.5994,0.0,0.0
1035,70,1552,168.0,3,3,0,27,16,0.0,0.0,0.0,0.0,-0.9545
870,20,0,24.0,4,4,0,62,16,0.0,-0.9761,-0.5994,0.0,0.0
1020,87,1530,168.0,4,3,0,27,16,0.0,-0.8439,0.0,0.0,-0.9545
922,68,1383,168.0,4,3,0,27,16,0.0,0.0,0.0,0.0,-0.9545
850,25,850,24.0,4,1,0,13,16,0.0,0.4588,0.0,0.0,0.0
650,15,1000,24.0,4,12,7,106,5,0.0,-0.9771,0.0,0.0,0.0
690,10,1500,24.0,2,6,5,36,338,0.0,-0.8316,-0.7003,0.4588,0.4588
770,9,2000,24.0,4,9,5,49,16,0.0,-0.9912,-0.9485,-0.9643,-0.9485
850,15,2000,24.0,4,11,0,54,16,0.0,-0.9859,-0.9485,-0.9451,-0.9485
620,12,1240,24.0,2,11,5,49,286,0.0,-0.34,-0.9136,0.0,0.0
770,16,1540,24.0,4,12,5,97,338,0.0,-0.7906,-0.9861,0.0,0.0
950,18,2850,24.0,2,9,3,58,286,0.0,-0.9451,0.0,0.0,0.0
800,18,1000,24.0,3,10,0,51,16,0.4588,0.8126,0.2732,0.6749,-0.1984
850,20,1000,24.0,3,11,0,77,16,0.4588,0.9669,0.2732,0.6948,0.4199
440,12,620,24.0,4,8,3,36,286,0.0,-0.5215,0.6166,0.5994,0.7241
500,14,400,24.0,3,5,2,21,338,0.0,-0.34,0.0,0.0,0.0
335,12,900,24.0,4,3,4,84,245,0.0,-0.9565,-0.5994,0.0,0.0
800,23,1950,24.0,4,7,0,62,338,0.4588,-0.8591,-0.9485,-0.8126,-0.975
766,15,1350,24.0,2,10,3,45,16,0.4588,-0.743,-0.9633,0.9683,-0.1027
600,12,1200,24.0,85640,11,3,63,338,0.0,0.0,0.0,0.0,0.0
840,20,1680,24.0,2,12,6,248,338,0.4588,-0.4284,-0.9348,-0.9636,-0.4678
795,11,2000,24.0,3,8,2,21,338,0.0,0.946,0.8779,0.9922,0.4019
1050,15,0,24.0,2,4,0,68,16,0.0,-0.9769,-0.5994,0.0,0.0
1160,103,1000,168.0,4,4,0,67,16,0.0,0.0,0.0,0.0,-0.9783
1064,92,1596,168.0,2,3,0,27,16,0.0,-0.5994,0.0,0.0,-0.9545
1095,92,1642,168.0,2,3,0,27,16,0.0,-0.5994,0.0,0.0,-0.9545
770,87,1155,168.0,4,3,0,27,16,0.0,0.0,0.0,0.0,-0.9545
1020,13,0,24.0,2,4,0,55,16,0.0,-0.9761,-0.5994,0.0,0.0
940,16,1800,24.0,1,12,2,82,5,0.0,0.7003,0.6124,0.9674,0.9872
850,14,1500,24.0,1,12,2,82,16,0.0,0.1531,0.6124,0.9674,0.9872
800,13,0,24.0,2,7,0,51,338,0.0,-0.2263,-0.9136,0.0,-0.5994
860,20,1000,24.0,4,10,0,132,325,0.0,-0.9891,-0.8316,-0.2244,-0.6808
540,14,950,24.0,1,12,2,62,16,0.0,-0.9558,0.0,0.0,0.0
915,14,1780,24.0,2,10,0,38,16,0.4588,-0.5994,0.0,0.0,0.0
500,12,500,24.0,4,7,3,28,286,0.0,-0.6486,0.0,0.0,0.0
950,25,300,24.0,2,5,2,57,16,0.0,0.9246,0.7184,0.7579,0.0
688,16,0,24.0,2,10,0,92,16,0.0,-0.6704,-0.2263,0.8834,0.8953
250,12,0,24.0,2,9,3,71,338,0.0,0.4404,-0.5106,0.8834,0.0
950,22,2235,24.0,4,8,0,33,338,0.0,-0.9136,-0.5994,-0.8316,-0.9656
696,16,1650,24.0,2,11,5,64,338,0.0,0.5117,-0.5994,0.3802,0.0
1000,25,0,24.0,4,6,5,40,16,0.0,0.9513,0.0,0.0,0.0
520,13,520,24.0,3,3,3,134,286,0.0,-0.9656,0.0,0.0,0.0
756,16,1650,24.0,4,1,3,64,338,0.0,-0.636,-0.8316,-0.5813,0.3382
795,22,2460,24.0,1,7,2,63,338,0.0,0.0,-0.5994,0.0,0.0
595,15,1450,24.0,4,8,0,14,338,0.0,-0.7339,-0.9823,-0.8924,0.0
750,38,650,24.0,82061,12,3,57,338,0.0,-0.4779,0.9287,0.6749,0.5267
600,18,1200,24.0,2,12,4,64,338,0.0,-0.9594,0.0,-0.9078,0.2942
1220,80,1830,168.0,2,3,0,27,16,0.0,-0.9184,0.0,0.0,-0.9545
1005,78,1507,168.0,2,3,0,27,16,0.0,0.0,0.0,0.0,-0.9545
955,120,1432,168.0,2,3,0,27,16,0.0,0.0,0.0,0.0,-0.9545
1170,17,0,24.0,2,4,0,68,16,0.0,-0.9769,-0.5994,0.0,0.0
1170,22,0,24.0,2,4,0,68,16,0.0,-0.9769,-0.5994,0.0,0.0
1170,108,1755,168.0,2,3,0,27,16,0.0,-0.636,0.0,0.0,-0.9545
350,30,500,24.0,4,2,5,36,338,0.4588,0.9184,0.0,0.0,0.0
740,22,1060,24.0,2,12,0,54,338,0.0,-0.9674,0.5267,0.0,0.0
850,10,1500,24.0,3,3,4,24,338,0.4588,-0.5994,-0.8316,-0.5994,-0.9508
450,16,0,24.0,4,7,6,61,338,0.0,0.5267,0.0,0.0,0.0
720,15,0,24.0,4,1,3,42,16,0.0,-0.7891,0.0,0.0,0.0
700,15,1370,24.0,4,6,3,25,338,0.0,0.0,0.0,0.0,0.0
700,18,1400,24.0,3,10,3,46,286,0.0,0.555,0.0,-0.6688,0.2263
750,12,1300,24.0,3,8,2,29,338,0.4588,0.0,0.0,0.0,0.0
750,20,1500,24.0,2,12,4,97,286,0.4588,-0.9874,-0.8442,0.0,0.0
950,20,2000,24.0,3,5,3,24,338,0.4588,0.8137,0.978,0.9712,0.7964
800,15,2100,24.0,3,10,4,54,338,0.0,-0.8316,0.0,0.0,-0.5994
480,15,500,24.0,4,5,2,34,16,0.0,-0.5994,-0.8316,0.2263,0.776
500,15,0,24.0,4,3,5,36,338,0.4588,-0.9287,-0.5994,0.0,0.0
986,16,0,24.0,2,8,0,22,325,0.0,-0.6283,0.0,0.0,0.0
775,8,0,24.0,2,7,0,32,325,0.0,0.5897,0.0,0.0,0.0
600,10,600,24.0,2,11,2,67,5,0.0,-0.5994,-0.9217,-0.9783,-0.636
750,15,1700,24.0,4,6,3,46,338,0.0,0.4019,0.9246,0.9938,0.0
705,21,1500,24.0,4,9,0,39,16,0.0,0.4588,-0.9136,0.0,0.4588
480,21,300,24.0,4,11,0,54,338,0.0,0.3182,0.0,0.0,0.0
1050,89,1575,168.0,2,3,0,27,16,0.0,-0.9184,0.0,0.0,-0.9545
1064,101,1596,168.0,2,3,0,27,16,0.0,0.0,0.0,0.0,-0.9545
1050,16,0,24.0,3,4,0,63,16,0.0,-0.9823,-0.5994,0.0,0.0
1020,13,0,24.0,2,4,0,55,16,0.0,-0.9761,-0.5994,0.0,0.0
1200,80,1800,168.0,2,3,0,27,16,0.0,-0.9184,0.0,0.0,-0.9545
1231,124,1846,168.0,2,3,0,27,16,0.0,-0.636,0.0,0.0,-0.9545
500,12,0,24.0,3,12,3,63,16,0.0,-0.9485,-0.5994,0.0,-0.6597
900,15,500,24.0,3,9,0,71,16,0.4588,0.9956,0.4767,0.8473,0.8126
750,24,850,24.0,4,11,7,73,286,0.0,-0.816,0.0,-0.636,-0.296
950,19,1900,24.0,3,5,6,90,338,0.0,-0.975,0.0,-0.9485,0.0
700,20,1200,24.0,3,9,7,15,286,0.0,0.1779,0.0,0.0,0.0
714,25,1155,24.0,4,12,0,73,5,0.0,-0.8591,-0.9136,-0.9912,-0.9769
630,8,0,24.0,2,10,0,59,5,0.0,0.0,0.0,0.0,0.0
550,21,275,24.0,3,9,3,62,286,0.0,0.0,-0.5994,-0.9661,-0.9136
500,20,500,24.0,4,11,0,43,338,0.4588,-0.9451,0.0,0.0,0.0
850,20,800,24.0,4,8,2,78,5,0.0,-0.0772,0.0,0.0,0.0
660,20,1300,24.0,2,8,5,36,338,0.0,-0.8834,-0.8658,-0.5994,-0.7059
650,20,0,24.0,2,1,0,38,245,0.0,-0.9821,0.0,0.0,0.0
590,10,500,24.0,2,12,3,16,338,0.0,-0.636,0.0,0.0,0.0
720,11,1080,24.0,2,10,0,80,338,0.0,0.784,0.128,0.9775,0.0
972,31,999,24.0,3,12,0,66,338,0.4588,-0.8316,-0.8316,-0.9661,0.0
740,15,1000,24.0,4,4,0,26,338,0.4588,0.9851,0.0,0.0,0.0
800,12,1000,24.0,2,3,0,58,338,0.0,0.8126,0.0,0.0,0.0
650,20,1350,24.0,2,13,0,136,274,0.0,-0.5423,0.0,0.0,0.0
850,20,1700,24.0,4,9,3,24,326,0.0,-0.8885,-0.8316,0.0,-0.8316
1091,77,1636,168.0,3,3,0,27,16,0.0,-0.8316,0.0,0.0,-0.9545
1080,11,0,24.0,2,4,0,55,16,0.0,-0.9761,-0.5994,0.0,0.0
1160,0,1000,168.0,4,4,0,67,16,0.0,0.0,0.0,0.0,-0.9783
1231,95,1846,168.0,2,3,0,27,16,0.0,-0.636,0.0,0.0,-0.9545
1050,17,0,24.0,3,4,0,63,16,0.0,-0.9823,-0.5994,0.0,0.0
1150,0,1000,168.0,4,4,0,67,16,0.0,0.0,0.0,0.0,-0.9783
850,18,1975,24.0,4,2,0,24,338,0.0,-0.6486,-0.8658,0.902,-0.2263
1199,70,2000,24.0,2,12,8,137,337,0.4588,-0.9827,-0.8316,-0.5423,-0.7003
990,16,1000,24.0,4,7,3,18,338,0.0,-0.5848,0.0,0.0,0.0
580,23,580,24.0,4,11,0,146,338,0.0,-0.5994,-0.9136,-0.5994,0.0
848,24,2544,24.0,3,10,3,77,245,0.0,-0.9136,-0.8316,-0.5994,0.3818
1200,20,2000,24.0,3,12,2,70,16,0.4588,-0.953,-0.9508,-0.9761,-0.9151
650,15,200,24.0,2,9,0,53,16,0.0,-0.8588,0.0,0.0,0.0
650,11,650,24.0,3,12,3,25,16,0.0,-0.9623,-0.5994,-0.8316,-0.5994
750,13,1500,24.0,2,11,3,21,338,0.4588,-0.6597,-0.8316,0.0,-0.4404
800,20,1400,24.0,3,12,9,54,338,0.0,-0.4753,0.0,0.0,0.0
700,20,600,24.0,3,11,8,34,245,0.0,0.0,0.0,0.0,0.0
750,15,2000,24.0,4,12,3,32,338,0.0,0.0,-0.6597,0.0,-0.8834
722,15,2166,24.0,2,9,3,49,338,0.0,-0.9595,-0.9761,-0.5994,-0.6688
1028,17,2450,24.0,4,10,7,72,338,0.0,-0.6597,-0.8316,0.6705,0.0
750,14,0,24.0,3,9,5,20,338,0.0,-0.9062,0.0,0.0,0.0
974,16,2450,24.0,4,10,7,72,338,0.0,-0.7964,-0.8316,0.6705,0.0
620,20,200,24.0,2,7,3,19,16,0.0,-0.9538,-0.5994,0.636,0.0
600,25,300,24.0,85614,2,0,20,338,0.0,0.0,0.0,0.0,0.0
640,16,800,24.0,4,7,3,34,338,0.0,0.7184,-0.7906,-0.636,0.0
755,12,1500,24.0,4,8,8,42,245,0.0,-0.9643,-0.4767,-0.5994,0.0
990,20,0,24.0,4,4,0,62,16,0.0,-0.9761,-0.5994,0.0,0.0
1095,0,1500,168.0,2,3,0,33,16,0.0,0.0,0.0,0.0,0.0
1195,124,1792,168.0,2,3,0,27,16,0.0,-0.636,0.0,0.0,-0.9545
1095,77,1642,168.0,3,3,0,27,16,0.0,-0.8316,0.0,0.0,-0.9545
1064,92,1596,168.0,2,3,0,27,16,0.0,-0.5994,0.0,0.0,-0.9545
1650,30,3000,24.0,3,11,5,74,338,0.0,-0.9766,0.0,-0.9633,-0.9136
1020,17,500,24.0,4,10,0,40,338,0.0,-0.5994,-0.9136,-0.9136,-0.2263
550,15,350,24.0,3,10,4,34,5,0.0,-0.6808,-0.5994,-0.7269,-0.5994
800,14,1000,24.0,2,3,0,57,338,0.0,0.807,0.0,0.0,0.0
845,9,1500,24.0,4,8,3,56,338,0.0,0.6449,0.7003,0.9884,-0.5815
950,20,0,24.0,2,9,4,52,338,0.0,0.0,-0.5994,0.0,0.0
860,28,0,24.0,4,7,4,41,286,0.0,-0.7494,-0.5994,-0.5994,0.0
830,46,1500,24.0,82205,9,6,49,338,0.0,-0.9947,0.0,0.0,0.0
610,18,995,24.0,4,8,3,77,286,0.0,-0.717,-0.953,-0.9769,0.636
630,13,630,24.0,1,3,2,32,5,0.0,0.34,0.3818,0.6369,0.0
690,22,1500,24.0,2,10,3,74,286,0.0,-0.8591,-0.4753,-0.9309,-0.8614
650,16,1000,24.0,4,10,0,40,286,0.0,-0.9896,-0.7579,0.0,0.0
1050,14,2000,24.0,2,6,2,83,338,0.0,-0.8687,-0.937,-0.5994,-0.4019
460,10,460,24.0,2,12,0,52,16,0.0,-0.9184,-0.5994,0.0,0.0
650,15,300,24.0,3,13,2,110,16,0.0,-0.9829,0.0,0.0,0.0
1200,20,300,24.0,3,12,5,84,5,0.0,-0.9771,-0.5994,0.0,0.0
680,20,1500,24.0,2,10,0,57,286,0.0,0.0,0.0,0.0,0.0
1350,39,0,24.0,3,7,5,50,16,0.0,-0.8126,-0.6808,-0.5994,0.0
1325,0,1000,168.0,4,4,0,67,16,0.0,0.0,0.0,0.0,-0.9783
1045,83,1567,168.0,2,3,0,27,16,0.0,0.0,0.0,0.0,-0.9545
1220,80,1830,168.0,2,3,0,27,16,0.0,-0.9184,0.0,0.0,-0.9545
1050,16,0,24.0,3,4,0,63,16,0.0,-0.9823,-0.5994,0.0,0.0
900,10,0,24.0,3,4,0,78,16,0.0,-0.9823,-0.5994,0.0,0.0
1020,87,1530,168.0,4,3,0,27,16,0.0,-0.8439,0.0,0.0,-0.9545
590,70,0,24.0,2,8,0,103,286,0.0,-0.6418,-0.9698,-0.9136,0.0
650,11,1530,24.0,4,6,2,43,338,0.0,-0.5423,0.0,0.0,-0.8316
600,17,600,24.0,2,8,2,114,5,0.0,-0.8481,-0.25,0.0,0.0
660,17,1659,24.0,4,3,3,45,338,0.0,-0.9287,-0.9245,0.5093,0.0
760,16,0,24.0,2,8,3,56,286,0.4588,0.9726,-0.7184,0.9932,0.3182
640,24,600,24.0,3,11,0,47,338,0.0,0.3506,-0.4588,0.9882,-0.25
750,20,1400,24.0,4,11,5,147,286,0.0,-0.8126,-0.6486,0.0,0.0
225,11,0,24.0,81594,9,2,20,16,0.0,0.5994,0.0,0.0,0.0
338,15,0,24.0,4,3,3,58,338,0.0,-0.5994,0.0,0.4588,-0.9466
690,12,0,24.0,2,7,3,44,338,0.0,0.0,-0.5994,-0.636,0.0
600,11,600,24.0,82024,10,0,35,5,0.0,-0.6597,0.0,0.0,0.0
1300,12,1250,24.0,3,12,0,71,338,0.4588,-0.95,0.0,-0.5994,-0.4926
1100,10,0,24.0,3,3,0,47,16,0.4588,-0.9167,-0.5994,0.0,0.0
620,13,1500,24.0,3,9,3,33,16,0.0,-0.8316,-0.9217,-0.3818,-0.5994
850,17,0,24.0,3,9,0,120,286,0.4588,0.0,-0.8316,-0.4753,-0.5994
760,20,2100,24.0,2,7,7,60,16,0.0,-0.8316,-0.5994,0.0,0.0
650,13,0,24.0,2,11,3,35,16,0.4588,-0.8316,-0.5994,-0.8316,0.0
1050,18,0,24.0,4,1,2,44,338,0.4588,0.0,0.0,0.0,0.0
700,17,100,24.0,2,4,4,52,338,0.0,0.8979,0.5859,0.0,0.0
750,13,1000,24.0,2,13,3,41,338,0.0,0.0,-0.9349,0.0,0.0
930,12,0,192.0,2,4,0,70,16,0.0,-0.9661,-0.8439,0.0,0.0
1085,68,1627,168.0,3,3,0,27,16,0.0,-0.8316,0.0,0.0,-0.9545
1200,113,1000,168.0,4,4,0,67,16,0.0,0.0,0.0,0.0,-0.9783
1121,0,1681,168.0,2,3,0,27,16,0.0,-0.9184,0.0,0.0,-0.9545
1140,13,0,24.0,4,4,0,71,16,0.0,-0.9761,-0.5994,0.0,0.0
1095,105,1642,168.0,2,3,0,27,16,0.0,-0.5994,0.0,0.0,-0.9545
940,19,0,24.0,4,9,5,31,338,0.0,-0.8485,0.8271,0.9709,0.9607
1072,17,1725,24.0,2,10,2,39,286,0.0,-0.9081,-0.8316,-0.4588,-0.5994
943,23,1800,24.0,2,9,5,31,338,0.4588,-0.8316,-0.9136,-0.891,-0.9136
250,15,400,24.0,3,11,3,51,245,0.0,-0.8316,-0.8316,-0.9195,-0.636
680,15,600,24.0,4,10,2,50,245,0.0,-0.8316,0.0,0.0,0.0
1095,18,2000,24.0,1,11,0,47,338,0.0,-0.5023,0.8126,0.9676,-0.3506
750,15,500,24.0,4,8,0,64,338,0.0,-0.9117,-0.636,-0.8316,-0.8439
485,16,800,24.0,2,9,3,51,286,0.0,-0.4939,-0.8807,0.8151,0.0
780,13,0,24.0,4,8,3,21,338,0.0,-0.0516,0.0,0.0,0.0
1200,37,800,24.0,3,10,3,42,16,0.4588,0.836,0.7351,0.9335,0.9393
600,12,600,24.0,2,10,0,31,338,0.0,0.8733,0.6369,0.9965,0.0
560,15,200,24.0,85521,7,3,33,16,0.0,0.0,0.0,0.0,0.0
450,14,450,24.0,2,2,3,23,16,0.0,0.0,0.0,0.0,0.0
1100,24,100,24.0,4,12,0,37,16,0.0,0.0,-0.4199,-0.5994,0.0
759,18,1971,24.0,0,12,4,57,16,0.0,-0.25,-0.9136,-0.636,0.0
550,15,1100,24.0,85386,5,0,57,338,0.0,-0.8741,0.0,0.0,0.0
890,11,1500,24.0,4,9,5,58,338,0.0,0.0,-0.8316,-0.8316,-0.8622
570,12,570,24.0,4,8,0,19,338,0.0,0.7572,0.8883,0.8655,0.8481
550,17,1000,24.0,1,9,0,42,286,0.0,-0.8442,-0.5994,-0.89,-0.5994
1160,0,1000,168.0,4,4,0,67,16,0.0,0.0,0.0,0.0,-0.9783
1112,108,1668,168.0,2,3,0,27,16,0.0,-0.636,0.0,0.0,-0.9545
1026,68,1539,168.0,4,3,0,27,16,0.0,0.0,0.0,0.0,-0.9545
930,17,0,24.0,3,4,0,59,16,0.0,-0.9761,-0.5994,0.0,0.0
900,10,0,24.0,3,4,0,78,16,0.0,-0.9823,-0.5994,0.0,0.0
1220,80,1830,168.0,2,3,0,27,16,0.0,-0.9184,0.0,0.0,-0.9545
520,30,0,24.0,82140,10,3,21,5,0.0,-0.94,-0.7243,-0.865,-0.6981
855,14,1500,24.0,1,12,6,43,325,0.0,-0.9136,-0.8519,-0.8126,0.0
850,11,1200,24.0,2,12,6,103,338,0.0,-0.9246,-0.8316,-0.8955,-0.5994
890,12,2340,24.0,4,11,3,67,16,0.0,-0.9643,0.0,0.0,0.0
640,11,1920,24.0,2,7,5,40,16,0.0,0.0,-0.5994,-0.8316,-0.7003
690,23,1500,24.0,2,11,5,54,338,0.0,-0.9459,-0.9783,0.0,0.0
850,24,2400,24.0,2,4,3,35,16,0.4588,0.3182,0.0,0.0,0.0
580,13,300,24.0,3,10,3,34,338,0.0,0.0,0.0,0.0,-0.5994
767,18,1236,24.0,2,10,3,73,286,0.0,-0.9758,0.5423,-0.5994,-0.9823
650,18,100,24.0,2,10,3,117,286,0.0,-0.969,0.0,0.0,0.0
880,10,880,24.0,2,6,0,38,326,0.4588,0.0,0.3612,-0.9401,0.0
685,11,1600,24.0,3,14,3,72,338,0.0,0.128,-0.9136,-0.9136,0.0
330,10,700,24.0,3,11,0,74,338,0.0,-0.6597,-0.8316,-0.2263,0.0
390,17,600,24.0,4,10,3,53,245,0.0,-0.946,-0.9201,0.0,0.0
780,30,935,24.0,1,10,5,69,16,0.0,0.7668,0.6844,0.8453,0.7184
550,10,550,24.0,2,6,4,19,286,0.0,-0.5994,0.0,0.0,0.0
730,15,0,24.0,1,9,2,25,16,0.4588,-0.8316,0.0,0.6597,0.0
650,15,700,24.0,3,9,0,37,16,0.0,-0.9136,-0.9371,-0.8316,0.0
530,10,1000,24.0,1,8,3,27,286,0.0,-0.5994,-0.5994,-0.2263,-0.8658
1080,11,0,192.0,2,4,0,71,16,0.0,-0.9661,-0.9508,0.0,0.0
920,82,1380,168.0,4,3,0,27,16,0.0,0.0,0.0,0.0,-0.9545
1050,14,0,24.0,2,4,0,55,16,0.0,-0.9761,-0.5994,0.0,0.0
1120,92,1680,168.0,2,3,0,27,16,0.0,-0.5994,0.0,0.0,-0.9545
1095,101,1642,168.0,2,3,0,27,16,0.0,-0.5994,0.0,0.0,-0.9545
1010,177,1515,168.0,3,3,0,27,16,0.0,0.0,0.0,0.0,-0.9545
800,16,1500,24.0,4,10,2,39,338,0.0,-0.6908,-0.9136,-0.9136,0.9493
950,20,1500,24.0,4,10,0,40,16,0.0,0.7089,0.7003,0.0,0.3818
698,15,1260,24.0,4,11,0,90,338,0.0,-0.9136,-0.9136,-0.9904,-0.9656
950,20,950,24.0,4,9,0,39,286,0.0,-0.8439,-0.5994,0.0,0.0
619,14,1000,24.0,2,11,0,39,5,0.0,-0.8316,0.0,0.0,0.0
750,16,1300,24.0,2,12,5,44,338,0.0,-0.8316,0.0,0.0,0.0
810,17,1770,120.0,82152,9,0,43,16,0.0,-0.8316,-0.8316,0.0,-0.5994
870,15,1740,120.0,2,12,4,157,16,0.4588,0.4588,0.0,0.0,-0.2263
850,26,1000,120.0,2,9,4,20,338,0.4588,0.0,0.0,0.0,0.0
1100,27,2200,120.0,2,13,4,145,16,0.4588,0.6486,0.3804,0.8957,0.0
800,22,1500,120.0,3,8,4,39,338,0.0,-0.5994,0.0,0.0,0.0
940,16,2000,120.0,4,11,2,19,338,0.4588,-0.9062,-0.8316,-0.9001,0.0
650,15,0,120.0,1,11,6,62,16,0.0,-0.5423,0.0,0.0,0.0
850,18,1600,120.0,3,8,4,87,286,0.0,-0.9643,-0.4215,-0.5994,-0.636
797,12,2166,120.0,2,10,6,56,245,0.0,-0.9862,-0.7845,-0.3954,0.0
550,13,1000,120.0,4,1,0,52,338,0.0,0.34,0.2732,0.296,0.4767
530,12,1060,120.0,3,11,3,28,338,0.0,-0.5994,-0.8316,0.4019,0.9717
300,10,500,120.0,2,10,2,35,338,0.0,0.0,-0.5994,-0.7003,-0.8316
1150,41,2000,120.0,4,13,4,28,338,0.0,-0.8316,0.0,-0.7269,-0.8316
955,66,1432,168.0,2,3,0,27,16,0.0,-0.9136,0.0,0.0,-0.9545
1125,235,1000,168.0,4,4,0,63,16,0.0,0.0,0.0,0.0,-0.9783
1035,70,1552,168.0,3,3,0,27,16,0.0,0.0,0.0,0.0,-0.9545
930,17,0,24.0,3,4,0,59,16,0.0,-0.9761,-0.5994,0.0,0.0
1150,0,1000,168.0,4,4,0,67,16,0.0,0.0,0.0,0.0,-0.9783
1170,17,0,24.0,2,4,0,68,16,0.0,-0.9769,-0.5994,0.0,0.0
830,16,1400,120.0,4,7,0,32,16,0.0,-0.8126,0.0,0.0,0.0
750,12,750,120.0,82049,12,0,93,286,0.0,-0.9808,-0.5994,-0.5994,-0.5994
480,12,960,120.0,2,13,0,56,16,0.0,-0.4588,-0.8316,-0.4753,-0.34
550,13,0,120.0,3,4,6,54,338,0.0,-0.296,-0.7003,-0.8658,-0.9136
650,15,600,120.0,4,4,4,47,338,0.0,-0.0202,0.0,0.807,0.5106
500,17,50,120.0,86577,12,0,49,338,0.0,-0.9136,-0.8316,-0.9485,-0.9661
680,10,750,120.0,1,8,0,34,16,0.4588,-0.5994,-0.9485,0.0,0.0
860,12,950,120.0,4,3,6,35,273,0.0,0.0,0.0,0.0,0.0
650,7,500,120.0,2,9,3,56,16,0.0,0.9818,0.0,0.0,0.0
800,17,1000,120.0,2,8,0,33,286,0.0,0.4225,0.0,0.0,0.0
550,16,350,120.0,2,8,0,45,338,0.0,-0.204,0.0,0.0,0.0
605,18,300,144.0,2,9,3,41,16,0.4588,0.9231,0.0,0.9021,-0.296
700,17,700,144.0,4,12,5,77,286,0.0,-0.9821,0.0,0.0,0.0
725,10,2000,144.0,2,9,3,45,16,0.0,0.8971,-0.2714,0.9468,0.7269
740,11,740,144.0,2,3,4,26,326,0.0,0.0,0.0,0.0,0.0
800,20,1300,144.0,3,9,4,55,338,0.0,-0.9872,-0.9485,-0.8316,0.0
690,20,1500,144.0,2,9,6,68,5,0.0,-0.5994,-0.8316,-0.5994,0.0
700,18,0,144.0,3,7,2,70,16,0.0,-0.9868,-0.5994,-0.9136,0.0
675,17,1725,144.0,2,7,3,50,286,0.0,-0.9477,-0.8316,-0.5994,-0.5994
490,12,1200,144.0,2,8,6,54,5,0.0,-0.5994,-0.8316,-0.636,0.0
870,18,0,24.0,2,4,0,70,16,0.0,-0.9761,-0.5994,0.0,0.0
1020,87,1530,168.0,4,3,0,27,16,0.0,-0.8439,0.0,0.0,-0.9545
1080,12,0,192.0,2,4,0,89,16,0.0,-0.9823,-0.5994,0.0,0.0
1325,0,1000,168.0,4,4,0,67,16,0.0,0.0,0.0,0.0,-0.9783
945,94,1417,168.0,2,3,0,27,16,0.0,0.0,0.0,0.0,-0.9545
900,15,0,144.0,4,3,0,51,16,0.0,-0.5994,-0.5994,0.0,-0.4588
550,24,0,144.0,3,8,2,49,338,0.0,-0.9824,0.0,0.0,0.0
840,12,1500,144.0,2,9,5,43,16,0.0,-0.7579,0.3182,0.8109,-0.8934
400,19,400,144.0,2,2,0,83,16,0.0,0.368,0.0,0.0,0.0
1000,16,1900,144.0,3,7,2,41,338,0.4588,-0.9538,-0.8316,-0.5994,0.0
790,14,200,144.0,3,11,0,21,286,0.0,-0.9136,-0.9485,-0.9136,-0.4588
590,8,1000,144.0,2,8,0,32,286,0.0,0.554,0.7419,0.5574,0.8356
510,11,0,144.0,2,9,3,28,338,0.0,0.4588,0.0,-0.9081,-0.4082
630,11,0,144.0,3,9,0,39,338,0.0,0.0,-0.9485,0.0,0.0
600,14,0,144.0,4,13,0,41,16,0.0,-0.5423,0.0,0.0,0.0
750,13,500,144.0,2,7,5,44,16,0.4588,0.6989,0.5574,0.8617,0.0
750,11,750,144.0,2,4,0,65,16,0.0,0.8552,0.0,0.0,0.0
670,10,2010,144.0,3,4,0,51,16,0.4588,0.0,-0.1531,0.0,0.0
850,18,1000,144.0,3,6,0,32,5,0.0,-0.8316,0.0,0.0,0.0
610,20,0,144.0,2,8,3,28,338,0.0,0.0,0.0,0.0,0.0
600,10,1500,144.0,1,10,2,16,5,0.4588,0.0,0.0,0.0,-0.5994
669,15,1600,144.0,2,10,0,38,245,0.0,-0.6124,-0.9661,-0.5994,0.0
680,20,1200,144.0,3,12,7,50,338,0.0,-0.5813,0.3365,0.0,0.0
1050,89,1575,168.0,2,3,0,27,16,0.0,-0.9184,0.0,0.0,-0.9545
720,12,0,1.0,4,4,0,62,16,0.0,-0.9761,-0.5994,0.0,0.0
1325,113,1000,168.0,4,4,0,67,16,0.0,0.0,0.0,0.0,-0.9783
1041,81,1561,168.0,2,3,0,27,16,0.0,-0.5994,0.0,0.0,-0.9545
930,11,0,168.0,2,4,0,62,16,0.0,-0.9761,-0.5994,0.0,0.0
1010,177,1515,168.0,3,3,0,27,16,0.0,0.0,0.0,0.0,-0.9545
600,10,1000,144.0,4,7,2,30,338,0.0,0.4939,0.0,0.0,0.0
1350,14,2400,144.0,2,13,10,134,245,0.0,-0.9758,-0.8316,-0.9062,-0.5994
420,8,0,144.0,2,7,3,67,5,0.0,0.5707,0.0,0.0,0.0
650,12,0,144.0,2,9,3,22,5,0.0,-0.9558,0.0,0.0,0.0
20,15,50,168.0,4,1,0,46,16,0.0,0.875,0.6486,0.0,0.4588
753,13,1400,168.0,3,11,0,33,338,0.0,-0.9595,-0.8316,-0.8316,0.0
1060,16,1590,168.0,2,12,5,66,338,0.0,-0.9816,0.0,-0.5994,0.0
600,12,0,168.0,3,8,0,45,338,0.4588,-0.8316,-0.4767,-0.5994,-0.5994
850,30,1000,168.0,1,9,2,59,338,0.0,-0.5423,0.0,0.0,0.0
700,11,2100,168.0,1,13,2,47,338,0.0,0.0,-0.5994,-0.8126,0.0
780,15,1000,168.0,2,14,2,63,286,0.0,0.0,0.0,0.0,0.0
780,18,0,168.0,2,1,0,64,338,0.0,-0.4469,0.0,0.0,0.0
835,13,2505,168.0,2,5,4,26,16,0.4588,-0.9888,-0.9485,0.0,0.0
650,12,1740,168.0,2,7,4,28,16,0.0,-0.836,-0.5994,-0.5994,0.0
570,14,1710,168.0,1,9,6,83,338,0.0,-0.9287,0.0,0.0,0.0
950,12,2250,168.0,4,6,5,49,338,0.0,-0.5423,0.0,-0.3818,0.3182
950,20,1500,168.0,3,9,5,40,16,0.0,0.0,0.0,0.0,-0.5994
567,13,300,168.0,3,11,0,37,338,0.4588,-0.9674,-0.8316,-0.9775,-0.944
850,15,2550,168.0,4,8,3,39,5,0.0,0.0,-0.5994,0.7906,-0.8126
1120,92,1680,168.0,2,3,0,27,16,0.0,-0.5994,0.0,0.0,-0.9545
930,14,0,168.0,2,4,0,70,16,0.0,-0.9761,-0.5994,0.0,0.0
1005,78,1507,168.0,2,3,0,27,16,0.0,0.0,0.0,0.0,-0.9545
1170,17,0,24.0,2,4,0,68,16,0.0,-0.9769,-0.5994,0.0,0.0
1200,80,1800,168.0,2,3,0,27,16,0.0,-0.9184,0.0,0.0,-0.9545
1160,0,1000,168.0,4,4,0,67,16,0.0,0.0,0.0,0.0,-0.9783
1013,20,2000,168.0,4,11,0,78,338,0.0,-0.5118,-0.9081,0.9042,0.9001
750,15,670,168.0,3,9,4,46,338,0.0,-0.8316,-0.8316,-0.5994,-0.5994
450,25,0,168.0,3,11,0,32,5,0.0,0.9974,-0.9403,0.0,0.0
910,26,1000,168.0,4,9,8,83,286,0.4588,0.9955,0.0,0.0,0.0
555,8,1350,168.0,2,5,3,47,338,0.4588,0.3384,-0.9633,0.9683,-0.1027
650,14,600,168.0,2,13,4,20,338,0.0,-0.8316,0.0,-0.5994,0.0
1000,50,2200,168.0,2,9,0,47,338,0.0,-0.9833,0.7783,-0.8316,-0.636
630,15,1300,168.0,2,6,0,40,338,0.0,-0.9796,0.7783,0.0,0.0
700,23,1000,168.0,4,12,5,28,16,0.0,-0.2023,0.0,0.0,0.0
550,14,550,168.0,2,8,5,81,245,0.0,0.5348,0.0,0.0,0.0
1100,22,2200,168.0,4,5,6,37,16,0.0,-0.851,0.2023,0.0,0.0
573,14,480,168.0,2,9,4,32,16,0.0,-0.9656,0.0,0.0,0.0
800,14,0,168.0,2,10,4,41,16,0.4588,-0.5423,0.0,-0.2263,-0.5994
500,15,1000,168.0,2,6,2,21,338,0.4588,0.6731,0.0,0.8901,0.5994
1250,17,500,168.0,4,9,3,38,5,0.0,0.2023,0.0,0.0,0.0
400,8,400,168.0,2,7,4,62,16,0.0,0.0,0.0,-0.5994,0.0
650,20,1300,168.0,2,11,3,90,286,0.0,-0.9681,0.0,0.0,0.0
800,20,2400,168.0,4,11,4,37,338,0.4588,-0.8932,0.0,0.0,0.0
840,25,1500,168.0,2,12,0,87,338,0.0,0.0,0.0,0.0,0.0
1000,60,1000,168.0,3,6,0,39,338,0.0,-0.5994,-0.7003,-0.4215,0.0
1050,15,0,24.0,2,4,0,68,16,0.0,-0.9769,-0.5994,0.0,0.0
1231,95,1846,168.0,2,3,0,27,16,0.0,-0.636,0.0,0.0,-0.9545
955,66,1432,168.0,2,3,0,27,16,0.0,-0.9136,0.0,0.0,-0.9545
965,83,1447,168.0,2,3,0,27,16,0.0,0.0,0.0,0.0,-0.9545
955,120,1432,168.0,2,3,0,27,16,0.0,0.0,0.0,0.0,-0.9545
1050,14,0,24.0,2,4,0,55,16,0.0,-0.9761,-0.5994,0.0,0.0
150,13,100,168.0,2,9,3,40,338,0.0,0.0,0.0,0.0,0.0
650,23,600,168.0,2,9,0,85,286,0.4588,-0.936,-0.9136,0.4588,0.4588
850,13,850,168.0,4,4,2,71,338,0.0,-0.8316,0.0,0.0,0.0
1050,15,1500,168.0,4,10,6,28,338,0.4588,0.9761,0.8553,0.9529,0.0
790,23,1580,168.0,2,11,3,44,338,0.0,0.4404,-0.5994,-0.0258,0.8856
690,17,1000,168.0,4,12,4,32,16,0.0,-0.8395,-0.8316,-0.8802,-0.8439
49,16,200,168.0,4,12,4,52,338,0.0,-0.9476,-0.8316,-0.9299,-0.8439
775,20,1400,168.0,1,7,4,61,16,0.0,0.296,0.0,0.0,0.0
1000,25,1700,168.0,3,5,5,28,338,0.4588,0.0,-0.5994,-0.296,-0.9313
904,16,1500,168.0,2,9,0,42,338,0.0,-0.969,0.0,-0.8883,0.0
530,8,800,168.0,2,8,2,28,286,0.0,0.0,0.0,0.0,0.0
800,22,1500,168.0,4,11,0,67,286,0.4588,0.9724,0.0,0.0,0.0
860,16,2580,168.0,2,10,3,36,286,0.0,0.0,0.4939,0.0,0.3182
910,16,2730,168.0,2,10,4,25,338,0.0,0.0,0.4939,0.0,0.3182
790,13,2220,168.0,4,9,5,38,16,0.0,-0.855,-0.8439,-0.9392,-0.9136
550,13,1400,168.0,2,10,8,16,326,0.0,-0.9184,-0.5994,0.3182,0.2732
790,18,1580,168.0,4,8,0,30,338,0.0,-0.4854,-0.6476,0.9925,0.0
800,21,1500,168.0,2,9,5,38,5,0.0,0.0,0.0,-0.5994,0.0
400,15,200,192.0,2,2,4,45,338,0.0,-0.9686,0.0,0.0,0.0
650,40,0,192.0,3,7,3,62,338,0.0,0.9575,-0.9042,0.9944,0.9785
1220,108,1830,168.0,2,3,0,27,16,0.0,-0.636,0.0,0.0,-0.9545
1121,0,1681,168.0,2,3,0,27,16,0.0,-0.9184,0.0,0.0,-0.9545
922,68,1383,168.0,4,3,0,27,16,0.0,0.0,0.0,0.0,-0.9545
1170,17,0,192.0,3,4,0,83,16,0.0,-0.9761,-0.5994,0.0,0.0
960,14,0,24.0,4,4,0,73,16,0.0,-0.9828,-0.5994,0.0,0.0
690,17,1500,192.0,2,7,3,32,338,0.0,-0.8176,-0.8885,-0.5994,0.555
690,10,900,192.0,3,11,2,31,245,0.0,-0.9062,0.0,0.0,0.0
755,17,0,192.0,2,5,4,24,16,0.0,-0.8126,-0.8316,-0.8316,-0.636
830,20,1000,192.0,2,7,4,39,338,0.4588,0.9331,0.6872,0.7794,0.4404
605,8,800,192.0,2,10,0,74,16,0.0,-0.743,0.0,0.0,0.0
45,8,400,192.0,2,11,0,65,16,0.0,0.0,0.0,0.0,0.0
805,14,800,192.0,2,10,0,50,16,0.0,-0.128,0.0,0.0,0.0
805,14,800,192.0,2,9,0,42,16,0.0,-0.6124,0.0,0.0,0.0
705,8,800,192.0,2,11,0,88,16,0.0,-0.6808,0.0,0.0,0.0
700,14,1950,192.0,2,9,2,27,325,0.0,-0.9136,-0.5994,-0.1779,-0.5994
680,8,900,192.0,3,12,2,60,338,0.0,-0.9712,0.0,0.0,0.0
700,15,700,192.0,3,9,5,60,245,0.0,-0.7184,0.0,0.0,0.4019
500,20,500,192.0,1,9,0,30,286,0.0,0.0,0.0,0.0,0.0
824,15,1800,192.0,2,8,3,30,338,0.4588,-0.7263,0.0,-0.636,0.6514
927,15,2550,192.0,2,5,5,23,325,0.0,-0.9859,0.0,0.0,0.0
850,25,850,192.0,4,1,3,13,16,0.0,-0.4215,0.0,0.0,0.0
1020,14,0,24.0,2,4,0,68,16,0.0,-0.9769,-0.5994,0.0,0.0
1325,0,1000,168.0,4,4,0,67,16,0.0,0.0,0.0,0.0,-0.9783
1200,15,0,24.0,2,4,0,68,16,0.0,-0.9823,-0.5994,0.0,0.0
925,27,1500,168.0,3,4,0,59,16,0.0,0.0,0.0,0.0,0.0
1020,87,1530,168.0,4,3,0,27,16,0.0,-0.8439,0.0,0.0,-0.9545
1041,89,1561,168.0,2,3,0,27,16,0.0,-0.9184,0.0,0.0,-0.9545
700,15,1800,192.0,2,7,0,22,286,0.0,0.34,0.0,0.9413,-0.1154
728,17,800,192.0,2,10,2,23,338,0.4588,0.9169,-0.296,0.8106,0.9968
760,23,1380,192.0,85640,9,5,102,16,0.0,-0.9485,-0.8316,0.4939,-0.765
750,21,750,192.0,2,11,0,38,286,0.0,0.0,-0.8316,-0.8316,-0.5994
560,17,1000,192.0,4,11,3,87,16,0.0,-0.9661,-0.8316,0.0,-0.5994
625,25,1000,192.0,2,4,6,47,245,0.0,0.34,0.0,0.0,0.0
750,17,1420,192.0,3,7,5,31,338,0.0,-0.9136,-0.5994,0.0,0.0
375,24,375,192.0,1,5,3,29,16,0.4588,0.9214,0.0,0.0,0.0
1000,20,1000,192.0,3,7,0,43,338,0.4588,-0.8591,0.0,0.0,0.0
750,14,1000,192.0,2,12,2,30,338,0.0,-0.7906,0.0,0.0,0.0
900,17,1500,192.0,4,8,5,25,286,0.0,-0.9413,-0.8316,0.0,0.0
200,20,60,192.0,4,8,0,23,16,0.0,0.0,0.0,0.7003,0.0
880,15,850,192.0,4,10,0,31,338,0.0,0.0,-0.5994,0.0,-0.5994
570,10,1000,192.0,1,8,3,15,338,0.0,-0.5994,-0.5994,-0.5994,0.5093
990,16,0,192.0,4,3,3,52,274,0.0,0.2263,0.5994,0.0,0.0
790,18,1500,192.0,4,11,5,66,338,0.0,-0.6808,-0.6476,0.9925,-0.7906
786,16,1800,192.0,2,8,3,36,16,0.0,-0.9769,-0.9864,-0.8957,0.0
682,20,1425,192.0,3,6,2,106,286,0.4588,0.0,0.0,0.9371,0.0
285,20,300,192.0,4,10,0,94,245,0.0,-0.991,-0.5994,0.0,0.0
800,20,600,192.0,2,4,3,58,286,0.0,-0.6808,-0.9201,0.0,0.0
1050,89,1575,168.0,2,3,0,27,16,0.0,-0.9184,0.0,0.0,-0.9545
1231,124,1846,168.0,2,3,0,27,16,0.0,-0.636,0.0,0.0,-0.9545
930,12,0,192.0,2,4,0,70,16,0.0,-0.9661,-0.8439,0.0,0.0
1245,93,1867,168.0,2,3,0,27,16,0.0,-0.9184,0.0,0.0,-0.9545
896,95,1344,168.0,2,3,0,27,16,0.0,0.0,0.0,0.0,-0.9545
960,13,0,24.0,3,4,0,63,16,0.0,-0.9823,-0.5994,0.0,0.0
510,10,960,192.0,4,2,4,47,338,0.0,-0.9643,-0.5994,0.0,0.0
685,14,1000,192.0,4,10,2,22,338,0.0,-0.9476,-0.5994,0.0,0.0
900,30,600,192.0,2,9,0,51,16,0.0,0.0,0.0,0.0,0.0
1200,20,0,192.0,4,1,0,28,5,0.0,0.0,0.0,0.0,0.0
700,15,1200,192.0,1,11,2,38,16,0.0,-0.8439,-0.9831,0.0,0.0
1049,21,200,216.0,3,4,0,125,16,0.0,0.7876,0.0,0.0,0.0
675,19,850,216.0,3,11,2,60,338,0.0,-0.9817,-0.8807,-0.8316,0.0
690,12,1300,216.0,3,11,6,63,338,0.0,-0.9485,-0.5994,0.4588,-0.6597
800,14,0,216.0,2,6,3,54,245,0.0,-0.636,0.0,0.0,0.0
704,24,1131,216.0,3,8,0,60,338,0.4588,-0.7003,-0.855,-0.4588,-0.8168
750,7,250,216.0,3,4,0,50,338,0.0,0.0,-0.9184,-0.5994,0.3987
735,13,1600,216.0,4,6,0,42,16,0.0,-0.7044,0.0,-0.6688,0.0
700,9,1500,216.0,4,10,5,27,338,0.0,-0.6808,-0.6808,0.0,0.0
950,18,1800,216.0,4,10,6,61,338,0.0,-0.6808,-0.5994,-0.9136,-0.9136
750,30,0,216.0,2,11,2,39,338,0.0,-0.8516,0.0,0.0,0.0
650,20,500,216.0,3,11,4,79,325,0.0,-0.5423,-0.5994,-0.8316,-0.5994
450,15,800,216.0,2,12,0,54,16,0.4588,-0.6808,0.0,0.0,0.0
650,17,900,216.0,3,12,0,25,338,0.0,-0.128,0.0,-0.8316,0.0
355,16,250,216.0,2,10,3,52,245,0.0,-0.636,-0.9136,-0.8316,-0.7312
430,12,700,216.0,85540,11,3,29,286,0.0,-0.9062,0.0,0.0,0.0
890,85,1335,168.0,4,3,0,27,16,0.0,0.0,0.0,0.0,-0.9545
1160,0,1000,168.0,4,4,0,67,16,0.0,0.0,0.0,0.0,-0.9783
990,20,0,24.0,4,4,0,62,16,0.0,-0.9761,-0.5994,0.0,0.0
1121,0,1681,168.0,2,3,0,27,16,0.0,-0.9184,0.0,0.0,-0.9545
1200,21,0,144.0,2,5,0,118,16,0.0,-0.9508,-0.6597,0.0,0.0
925,27,1500,168.0,3,4,0,59,16,0.0,0.0,0.0,0.0,0.0
750,19,500,216.0,2,9,0,38,16,0.4588,0.9531,0.3384,0.8979,0.7783
595,0,1000,216.0,1,8,2,30,5,0.0,0.5574,0.4215,-0.0717,0.0
275,9,550,216.0,2,4,0,32,16,0.0,0.0,0.0,-0.2942,0.0
1050,21,0,216.0,2,6,3,23,338,0.0,-0.9334,0.0,0.0,0.0
620,15,0,216.0,4,6,3,58,16,0.4588,0.5719,0.0516,0.128,0.0
1040,30,1200,216.0,2,11,5,43,16,0.0,-0.9451,-0.5994,-0.636,-0.636
945,15,2000,216.0,4,10,5,95,16,0.4588,0.4153,0.7906,0.0996,0.7149
980,15,1000,216.0,4,6,5,30,338,0.4588,0.4576,0.0,0.0,0.0
850,22,1000,216.0,4,11,2,64,16,0.0,0.0,0.4404,-0.5423,0.0
845,15,2000,216.0,2,12,0,132,245,0.0,-0.9582,0.0,-0.9157,0.9982
780,12,1200,216.0,3,8,3,33,16,0.0,0.0,-0.8316,0.0,-0.5994
780,15,1950,216.0,3,10,6,50,338,0.0,-0.9136,-0.9892,-0.8316,0.0
650,17,1860,216.0,82194,2,5,50,16,0.0,0.6514,0.0,0.0,0.0
800,10,1000,216.0,1,9,6,77,286,0.4588,-0.802,-0.5994,-0.5813,0.8936
640,10,1920,1.0,2,8,0,68,338,0.0,-0.9509,-0.4215,-0.5994,0.0
435,9,850,216.0,4,11,2,74,245,0.0,0.0,0.0,-0.5994,0.0
845,28,1700,216.0,4,11,2,98,245,0.0,-0.5423,0.0,0.0,0.0
130,18,200,216.0,2,13,0,47,338,0.0,0.0,0.0,0.0,0.0
1070,31,2137,216.0,4,9,0,43,338,0.0,-0.8439,-0.8316,-0.5994,0.75
900,13,0,192.0,2,4,0,70,16,0.0,-0.9761,-0.5994,0.0,0.0
1020,87,1530,168.0,4,3,0,27,16,0.0,-0.8439,0.0,0.0,-0.9545
920,145,1380,168.0,2,3,0,27,16,0.0,0.0,0.0,0.0,-0.9545
975,67,1462,168.0,2,3,0,27,16,0.0,0.0,0.0,0.0,-0.9545
1064,92,1596,168.0,2,3,0,27,16,0.0,-0.5994,0.0,0.0,-0.9545
1020,12,0,144.0,2,4,0,109,16,0.0,-0.9823,-0.5994,0.0,0.0
750,19,1300,216.0,2,11,6,49,338,0.0,-0.959,0.0,0.2023,0.0
1000,20,1000,216.0,3,7,0,55,338,0.4588,-0.8591,0.0,0.0,0.0
1007,19,2100,216.0,2,5,3,37,16,0.0,0.9578,0.0,0.0,0.0
390,8,990,216.0,4,5,0,31,16,0.0,-0.9761,-0.9485,-0.8316,-0.636
710,16,1130,216.0,3,6,3,19,16,0.0,-0.8268,-0.8316,-0.636,0.0
600,15,1800,240.0,2,3,5,24,16,0.0,0.0,0.0,0.0,0.0
487,13,1002,240.0,4,9,2,60,338,0.0,0.0,-0.9485,-0.8316,0.0
569,17,1218,240.0,4,8,4,60,338,0.0,0.0,-0.9485,-0.8316,0.0
850,21,1000,240.0,2,7,5,46,338,0.0,-0.9136,0.4215,0.0,-0.8316
850,12,0,240.0,4,9,0,98,16,0.0,0.8123,0.8622,0.9801,0.8122
810,15,1000,240.0,2,11,4,11,5,0.0,-0.5423,0.0,0.0,0.0
745,22,1000,240.0,4,8,0,90,338,0.4588,-0.9136,-0.8316,-0.8126,0.0
700,15,0,240.0,1,5,3,49,286,0.0,-0.5994,0.0,0.0,0.0
1100,20,3000,240.0,4,4,5,68,16,0.0,-0.891,0.0,0.0,0.0
955,15,2660,240.0,4,10,7,71,16,0.0,-0.9808,-0.9761,0.0,0.0
850,13,850,240.0,3,6,5,44,16,0.0,0.9912,0.0,0.0,0.0
885,11,2430,240.0,4,10,7,71,16,0.0,-0.9832,-0.9761,0.0,0.0
710,11,1500,240.0,2,3,0,67,338,0.0,-0.859,-0.8126,-0.5994,0.0
650,17,1000,240.0,1,10,3,25,16,0.0,0.0,-0.8316,0.0,-0.5994
1100,15,2850,240.0,4,12,4,69,5,0.4588,-0.9623,-0.8316,0.0,0.0
900,13,0,192.0,2,4,0,70,16,0.0,-0.9761,-0.5994,0.0,0.0
1270,0,1000,168.0,4,4,0,67,16,0.0,0.0,0.0,0.0,-0.9783
1020,177,1530,168.0,3,3,0,27,16,0.0,0.0,0.0,0.0,-0.9545
1140,13,0,24.0,4,4,0,71,16,0.0,-0.9761,-0.5994,0.0,0.0
890,85,1335,168.0,4,3,0,27,16,0.0,0.0,0.0,0.0,-0.9545
1150,157,1000,168.0,4,4,0,68,16,0.0,0.0,0.0,0.0,-0.9783
900,25,1000,240.0,0,13,6,53,16,0.0,0.5106,-0.9485,0.8402,0.34
750,15,700,240.0,2,7,0,24,338,0.0,-0.875,-0.9761,0.0,0.0
450,15,1000,240.0,2,10,0,28,338,0.0,-0.8825,0.0,0.0,0.0
850,15,0,240.0,4,1,0,50,16,0.4588,0.9184,0.0,0.0,0.0
785,18,1570,240.0,2,6,4,43,286,0.0,0.9778,0.0,0.0,0.0
1200,35,2000,240.0,4,10,3,57,16,0.0,-0.9246,0.0,-0.8316,0.0
650,16,0,240.0,2,7,0,48,338,0.0,-0.9491,0.0,0.0,0.0
896,11,2490,240.0,2,10,3,47,325,0.4588,0.8412,-0.6139,0.8562,0.8065
945,25,0,240.0,3,6,4,57,338,0.0,0.0,0.0,0.0,0.0
700,20,1200,240.0,2,11,2,53,338,0.0,-0.8881,-0.7717,0.0,0.0
930,24,1000,240.0,3,7,3,38,338,0.0,-0.9643,-0.5994,-0.9136,-0.8316
570,10,500,240.0,3,11,4,47,286,0.0,-0.8011,0.0,-0.9738,0.4588
860,14,2000,240.0,3,11,4,93,286,0.0,-0.7096,0.0,0.0,0.0
1000,18,1000,240.0,3,9,3,92,338,0.0,-0.5267,-0.9726,0.9377,0.0
1350,16,1350,240.0,4,7,3,187,338,0.4588,0.9769,-0.4945,0.9952,0.8402
950,14,0,240.0,2,7,0,47,5,0.0,-0.8591,-0.34,-0.5994,0.5093
730,24,1500,240.0,2,10,6,39,286,0.0,-0.9136,-0.5994,-0.6688,-0.5994
450,10,400,240.0,2,3,5,66,273,0.0,-0.5994,-0.9485,-0.34,0.0
1200,113,1000,168.0,4,4,0,67,16,0.0,0.0,0.0,0.0,-0.9783
1050,12,0,24.0,2,4,0,55,16,0.0,-0.9761,-0.5994,0.0,0.0
1220,106,1830,168.0,2,3,0,27,16,0.0,-0.5994,0.0,0.0,-0.9545
1160,103,1000,168.0,4,4,0,67,16,0.0,0.0,0.0,0.0,-0.9783
1195,124,1792,168.0,2,3,0,27,16,0.0,-0.636,0.0,0.0,-0.9545
1140,13,0,24.0,4,4,0,71,16,0.0,-0.9761,-0.5994,0.0,0.0
575,20,900,264.0,82110,11,3,50,286,0.0,-0.8591,-0.8316,-0.5093,0.0
670,22,1100,264.0,2,11,4,28,286,0.0,-0.9062,0.0,-0.5994,-0.9761
750,14,0,264.0,4,9,0,76,286,0.0,-0.9136,-0.5994,0.0,0.0
780,14,1400,264.0,3,11,3,17,286,0.0,0.4767,0.0,0.0,0.0
560,15,1500,264.0,4,9,3,61,338,0.0,-0.9485,-0.9393,0.0,-0.8313
850,16,1000,264.0,3,6,4,39,286,0.0,-0.9186,-0.8316,0.0,-0.5994
800,12,1300,264.0,1,10,3,60,286,0.0,-0.9698,-0.9508,-0.902,0.0
837,16,600,264.0,1,9,0,78,338,0.0,-0.1027,0.0,-0.5994,0.0
690,10,1500,264.0,3,6,2,33,16,0.4588,0.6901,0.0,0.0,0.0
800,16,2000,264.0,2,11,5,75,16,0.0,-0.636,0.0,0.0,0.0
800,21,350,264.0,4,2,0,30,16,0.0,0.0,0.0,0.0,0.0
650,16,1300,264.0,3,4,2,40,16,0.0,-0.5994,0.5994,-0.8316,0.4588
310,20,500,264.0,1,9,2,57,273,0.0,-0.5423,0.0,-0.5423,0.0
280,14,300,264.0,3,13,2,37,245,0.0,-0.8439,-0.9136,-0.855,-0.7205
690,15,0,264.0,3,9,0,46,338,0.0,-0.875,-0.8316,-0.8439,0.0
1400,20,2400,264.0,4,9,0,67,338,0.4588,0.0,0.0,0.0,0.0
1200,17,2000,264.0,4,9,0,89,338,0.4588,0.0,0.0,0.0,0.0
560,17,1000,264.0,2,2,3,29,338,0.0,0.4588,-0.5994,0.6588,0.507
1231,124,1846,168.0,2,3,0,27,16,0.0,-0.636,0.0,0.0,-0.9545
945,94,1417,168.0,2,3,0,27,16,0.0,0.0,0.0,0.0,-0.9545
1080,11,0,24.0,2,4,0,55,16,0.0,-0.9761,-0.5994,0.0,0.0
1175,145,1762,168.0,3,3,0,27,16,0.0,-0.5994,0.0,0.0,-0.9545
920,145,1380,168.0,2,3,0,27,16,0.0,0.0,0.0,0.0,-0.9545
1050,18,0,24.0,3,4,0,63,16,0.0,-0.9823,-0.5994,0.0,0.0
1030,20,2000,264.0,3,11,2,35,338,0.0,0.0,-0.8316,-0.8126,0.0
1050,18,2250,264.0,4,10,0,31,338,0.0,-0.6705,-0.9545,-0.296,0.3786
1200,25,1200,264.0,2,9,3,96,338,0.0,-0.8439,0.0,0.0,0.0
881,12,2640,264.0,3,11,4,89,245,0.0,-0.9844,-0.9942,0.0,-0.5994
900,17,2000,264.0,4,8,4,38,16,0.0,-0.9914,0.0,0.0,0.0
765,18,1000,264.0,2,11,3,21,286,0.0,-0.636,0.0,0.0,0.0
575,9,500,264.0,2,10,0,35,16,0.0,0.0,-0.9136,-0.936,0.0
635,10,1800,264.0,4,7,4,43,338,0.0,-0.9413,-0.5994,-0.296,0.0
872,18,2000,264.0,4,9,3,40,16,0.0,-0.9569,-0.9601,-0.9508,-0.9184
650,15,0,264.0,4,6,3,42,286,0.0,-0.6808,-0.8316,0.0,0.4588
1000,20,1500,264.0,2,6,5,95,338,0.0,0.9267,-0.296,0.9081,0.9623
700,16,1500,264.0,2,3,3,21,245,0.0,-0.6996,-0.5994,-0.5994,0.0
950,25,150,264.0,3,8,0,55,338,0.0,-0.2263,-0.8256,-0.5994,0.0
795,14,1600,264.0,4,4,6,51,286,0.0,0.9914,0.0,0.0,0.0
735,15,0,264.0,4,8,2,44,325,0.0,-0.9313,-0.5994,-0.9661,-0.636
950,22,2000,264.0,3,8,2,34,16,0.4588,-0.6571,0.0,0.0,0.0
850,9,2000,264.0,3,10,3,36,16,0.0,-0.9766,-0.8316,0.0,0.0
945,18,0,264.0,2,3,6,47,16,0.0,-0.9508,-0.8316,0.4588,-0.636
850,14,1200,264.0,2,11,5,47,338,0.0,-0.975,-0.5994,-0.8885,-0.5994
750,23,400,264.0,2,10,0,48,16,0.0,-0.8225,-0.2263,-0.7003,0.7127
1140,9,0,192.0,2,4,0,76,16,0.0,-0.9661,-0.8439,0.0,0.0
1050,12,0,24.0,2,4,0,55,16,0.0,-0.9761,-0.5994,0.0,0.0
1112,108,1668,168.0,2,3,0,27,16,0.0,-0.636,0.0,0.0,-0.9545
1095,101,1642,168.0,2,3,0,27,16,0.0,-0.5994,0.0,0.0,-0.9545
1121,0,1681,168.0,2,3,0,27,16,0.0,-0.9184,0.0,0.0,-0.9545
1231,124,1846,168.0,2,3,0,27,16,0.0,-0.636,0.0,0.0,-0.9545
725,12,1300,264.0,4,12,5,15,286,0.0,0.4351,0.7351,0.765,0.0
562,18,1500,264.0,3,10,2,35,16,0.0,-0.9983,-0.8316,-0.8126,0.0
895,107,1900,264.0,85521,3,5,44,325,0.0,-0.872,-0.9136,-0.8316,0.0
740,20,1480,264.0,4,4,3,67,5,0.0,-0.8715,0.0,0.0,0.0
990,11,1700,264.0,3,11,5,102,338,0.0,0.875,0.7269,0.296,0.8439
700,12,0,264.0,3,11,0,30,338,0.4588,-0.9509,0.2023,0.0,-0.5848
1690,30,0,288.0,4,9,3,50,338,0.4588,-0.5994,-0.7184,-0.886,0.0
150,9,0,288.0,2,5,0,28,5,0.0,0.0,-0.5994,-0.855,-0.8176
840,10,2500,288.0,2,7,4,16,16,0.4588,0.0,0.7964,0.4939,0.6597
900,35,0,288.0,2,12,0,62,338,0.4588,-0.25,0.0,0.0,0.0
815,16,2445,288.0,4,5,4,39,325,0.0,-0.8316,-0.8316,-0.9136,-0.5994
830,11,1400,288.0,1,10,3,73,16,0.0,-0.9136,0.0,0.0,0.0
880,14,2000,288.0,1,12,4,27,286,0.0,-0.8979,-0.8316,0.4588,0.0
590,13,1500,288.0,4,9,3,20,338,0.0,0.0,-0.8316,0.5994,0.4588
681,36,0,288.0,3,5,2,83,16,0.0,-0.9954,0.0,0.0,0.0
750,16,400,288.0,1,11,0,28,338,0.0,-0.7906,0.5267,0.0,0.0
900,17,2000,288.0,2,11,4,78,338,0.0,-0.9589,-0.8316,0.0,0.0
610,11,1200,288.0,3,11,0,67,338,0.0,-0.9738,-0.8316,-0.8316,-0.7964
795,12,2000,288.0,2,12,5,16,338,0.0,-0.9923,-0.9808,-0.8316,0.0
960,20,1500,288.0,2,13,6,45,338,0.0,-0.9907,-0.9808,0.0,-0.8316
1195,124,1792,168.0,2,3,0,27,16,0.0,-0.636,0.0,0.0,-0.9545
920,145,1380,168.0,2,3,0,27,16,0.0,0.0,0.0,0.0,-0.9545
1041,81,1561,168.0,2,3,0,27,16,0.0,-0.5994,0.0,0.0,-0.9545
960,14,0,24.0,4,4,0,73,16,0.0,-0.9828,-0.5994,0.0,0.0
1140,13,0,24.0,4,4,0,71,16,0.0,-0.9761,-0.5994,0.0,0.0
1240,140,1000,168.0,4,4,0,50,16,0.0,0.0,0.0,0.0,-0.9783
535,12,800,288.0,3,8,3,16,286,0.0,0.7003,-0.296,0.34,0.34
890,15,2220,288.0,3,10,0,66,16,0.0,0.1361,0.7269,0.9723,0.0
700,14,0,288.0,4,1,0,50,338,0.4588,0.0,-0.5994,-0.5994,0.0
740,10,1920,288.0,1,11,6,41,338,0.0,-0.9136,0.0,-0.5994,-0.5994
500,13,750,288.0,3,10,0,30,16,0.4588,-0.3578,-0.9136,-0.8316,-0.5994
750,23,800,288.0,3,7,0,138,16,0.0,0.6808,-0.5423,0.7494,0.0
830,16,1334,288.0,3,10,5,30,16,0.0,-0.9371,0.0,-0.7783,-0.5994
620,19,600,288.0,2,7,0,40,286,0.4588,0.9134,-0.9231,0.9208,0.0
540,20,150,288.0,4,6,0,33,16,0.0,0.0,0.0,0.0,0.0
870,12,1000,288.0,2,1,5,44,16,0.0,-0.5423,0.0,0.0,0.0
750,12,1554,288.0,2,11,6,49,338,0.0,-0.9062,-0.5994,-0.9451,-0.2263
300,14,200,312.0,4,7,0,21,245,0.0,-0.8268,-0.8316,0.0,-0.8402
990,17,4000,312.0,2,11,5,46,16,0.0,-0.987,-0.743,0.0,-0.5994
410,16,0,312.0,2,9,0,49,5,0.0,-0.7875,0.0,-0.6418,-0.7875
450,18,0,312.0,2,9,0,53,5,0.0,-0.9583,0.0,-0.7875,-0.7875
1070,15,2000,312.0,4,11,4,64,16,0.0,-0.886,-0.5994,-0.5994,0.0
367,10,700,312.0,1,1,0,69,5,0.0,-0.8625,0.0,0.0,0.0
915,18,2034,312.0,4,10,4,77,338,0.0,-0.9701,-0.9485,0.7845,-0.8439
1220,108,1830,168.0,2,3,0,27,16,0.0,-0.636,0.0,0.0,-0.9545
1325,0,1000,168.0,4,4,0,67,16,0.0,0.0,0.0,0.0,-0.9783
1020,12,0,24.0,2,4,0,55,16,0.0,-0.9661,-0.5994,0.0,0.0
960,14,0,24.0,4,4,0,73,16,0.0,-0.9828,-0.5994,0.0,0.0
965,83,1447,168.0,2,3,0,27,16,0.0,0.0,0.0,0.0,-0.9545
